-- phpMyAdmin SQL Dump
-- version 5.2.1
-- https://www.phpmyadmin.net/
--
-- Host: localhost:3306
-- Waktu pembuatan: 02 Mar 2024 pada 03.37
-- Versi server: 10.5.20-MariaDB
-- Versi PHP: 7.3.33

SET SQL_MODE = "NO_AUTO_VALUE_ON_ZERO";
START TRANSACTION;
SET time_zone = "+00:00";


/*!40101 SET @OLD_CHARACTER_SET_CLIENT=@@CHARACTER_SET_CLIENT */;
/*!40101 SET @OLD_CHARACTER_SET_RESULTS=@@CHARACTER_SET_RESULTS */;
/*!40101 SET @OLD_COLLATION_CONNECTION=@@COLLATION_CONNECTION */;
/*!40101 SET NAMES utf8mb4 */;

--
-- Database: `id20541373_hmif`
--

-- --------------------------------------------------------

--
-- Struktur dari tabel `danas`
--

CREATE TABLE `danas` (
  `id` bigint(20) UNSIGNED NOT NULL,
  `nama` varchar(255) NOT NULL,
  `created_at` timestamp NULL DEFAULT NULL,
  `updated_at` timestamp NULL DEFAULT NULL
) ENGINE=InnoDB DEFAULT CHARSET=utf8mb4 COLLATE=utf8mb4_unicode_ci;

--
-- Dumping data untuk tabel `danas`
--

INSERT INTO `danas` (`id`, `nama`, `created_at`, `updated_at`) VALUES
(1, 'DANA HMIF', NULL, NULL),
(2, 'BNI HMIF', NULL, NULL),
(7, 'Cash Ulul', '2023-04-04 11:47:02', '2023-04-04 11:47:02'),
(8, 'Cash Mely', '2023-04-04 11:47:13', '2023-04-04 11:47:13'),
(9, 'BRI Ulul', '2024-01-01 01:36:59', '2024-01-01 01:36:59');

-- --------------------------------------------------------

--
-- Struktur dari tabel `deposits`
--

CREATE TABLE `deposits` (
  `id` bigint(20) UNSIGNED NOT NULL,
  `pengurus_id` bigint(20) UNSIGNED NOT NULL,
  `raplen` int(11) NOT NULL DEFAULT 0,
  `jahim` int(11) NOT NULL DEFAULT 0,
  `wisuda` int(11) NOT NULL DEFAULT 0,
  `pesek` int(11) NOT NULL DEFAULT 0,
  `proker` int(11) NOT NULL DEFAULT 0,
  `lainya` int(11) NOT NULL DEFAULT 0,
  `sisa` int(11) NOT NULL DEFAULT 0,
  `created_at` timestamp NULL DEFAULT NULL,
  `updated_at` timestamp NULL DEFAULT NULL
) ENGINE=InnoDB DEFAULT CHARSET=utf8mb4 COLLATE=utf8mb4_unicode_ci;

--
-- Dumping data untuk tabel `deposits`
--

INSERT INTO `deposits` (`id`, `pengurus_id`, `raplen`, `jahim`, `wisuda`, `pesek`, `proker`, `lainya`, `sisa`, `created_at`, `updated_at`) VALUES
(1, 1, 0, 0, 0, 0, 0, 0, 30000, NULL, '2023-04-09 10:05:06'),
(2, 2, 0, 2000, 0, 0, 0, 0, 30000, NULL, '2023-11-09 02:17:02'),
(3, 3, 0, 4000, 0, 0, 0, 3000, 30000, NULL, '2023-11-30 02:27:11'),
(4, 4, 0, 2000, 0, 0, 0, 0, 30000, NULL, '2023-11-09 02:18:12'),
(5, 5, 0, 0, 0, 0, 0, 3000, 30000, NULL, '2023-11-29 13:40:42'),
(6, 6, 0, 2000, 0, 0, 0, 0, 30000, NULL, '2023-11-09 02:20:23'),
(7, 7, 0, 2000, 0, 0, 0, 0, 30000, NULL, '2023-10-06 11:12:40'),
(8, 8, 10000, 2000, 0, 0, 0, 6000, 30000, NULL, '2023-11-30 01:39:27'),
(9, 9, 0, 2000, 0, 10000, 0, 0, 30000, NULL, '2023-11-29 13:43:52'),
(10, 10, 0, 0, 0, 0, 0, 0, 30000, NULL, '2023-04-09 11:59:21'),
(11, 11, 10000, 6000, 0, 0, 0, 3000, 30000, NULL, '2023-11-29 13:39:43'),
(12, 12, 0, 4000, 0, 0, 0, 0, 30000, NULL, '2023-10-06 11:11:51'),
(13, 13, 5000, 4000, 0, 0, 0, 0, 30000, NULL, '2023-10-06 11:14:38'),
(14, 14, 5000, 6000, 0, 0, 0, 0, 30000, NULL, '2023-11-09 02:17:51'),
(15, 15, 0, 0, 0, 0, 0, 0, 30000, NULL, '2023-11-30 02:23:14'),
(16, 16, 0, 0, 0, 0, 0, 6000, 30000, NULL, '2023-11-29 13:25:01'),
(17, 17, 0, 0, 0, 0, 0, 0, 30000, NULL, '2023-04-09 15:18:31'),
(18, 18, 0, 4000, 0, 0, 0, 3000, 30000, NULL, '2023-11-29 13:40:25'),
(19, 19, 5000, 2000, 0, 0, 0, 0, 30000, NULL, '2023-08-23 17:03:00'),
(20, 20, 0, 2000, 0, 0, 0, 0, 30000, NULL, '2023-11-09 02:20:59'),
(21, 21, 0, 0, 0, 0, 0, 0, 30000, NULL, '2023-04-11 06:30:03'),
(22, 22, 0, 0, 0, 0, 0, 0, 30000, NULL, '2023-04-12 16:55:30'),
(23, 23, 0, 2000, 0, 0, 0, 0, 30000, NULL, '2023-11-29 13:44:51'),
(24, 24, 5000, 0, 0, 0, 0, 0, 30000, NULL, '2023-11-30 16:12:16'),
(25, 25, 0, 8000, 0, 0, 0, 24000, 30000, NULL, '2023-11-29 13:44:37'),
(26, 26, 0, 0, 0, 0, 0, 0, 30000, NULL, '2023-04-09 12:02:05'),
(27, 27, 0, 0, 0, 0, 0, 0, 30000, NULL, '2023-04-09 12:02:39'),
(28, 28, 0, 0, 0, 0, 0, 0, 30000, NULL, '2023-04-17 00:19:16'),
(29, 29, 0, 0, 0, 0, 0, 3000, 30000, NULL, '2023-11-29 13:32:17'),
(30, 30, 0, 2000, 0, 0, 0, 3000, 30000, NULL, '2023-11-29 13:32:45'),
(31, 31, 0, 4000, 0, 0, 0, 0, 30000, NULL, '2023-11-09 02:16:46'),
(32, 32, 5000, 2000, 0, 0, 0, 3000, 30000, NULL, '2023-11-29 13:45:25'),
(33, 33, 0, 2000, 0, 0, 0, 0, 30000, NULL, '2023-11-09 02:16:27'),
(34, 34, 0, 0, 0, 0, 0, 0, 30000, NULL, '2023-04-20 12:31:02'),
(35, 35, 15000, 2000, 0, 0, 0, 15000, 30000, NULL, '2023-11-30 01:40:17'),
(36, 36, 5000, 2000, 0, 0, 0, 0, 30000, NULL, '2023-11-30 01:39:56'),
(37, 37, 0, 0, 0, 0, 0, 0, 30000, NULL, '2023-04-20 05:06:26'),
(38, 38, 0, 2000, 0, 0, 0, 0, 30000, NULL, '2023-11-09 02:15:02'),
(39, 39, 0, 0, 0, 0, 0, 3000, 30000, NULL, '2023-11-29 13:40:03'),
(40, 40, 0, 0, 0, 0, 0, 3000, 30000, NULL, '2023-11-29 13:34:20'),
(41, 41, 0, 2000, 0, 0, 0, 3000, 30000, NULL, '2023-11-29 13:34:45'),
(42, 42, 5000, 10000, 0, 0, 0, 0, 30000, NULL, '2023-11-29 07:07:27'),
(43, 43, 0, 4000, 0, 0, 0, 0, 30000, NULL, '2023-08-23 17:07:07'),
(44, 44, 0, 2000, 0, 0, 0, 0, 30000, NULL, '2023-08-23 17:03:52'),
(45, 45, 0, 0, 0, 0, 0, 0, 30000, NULL, '2023-04-09 12:07:53'),
(46, 46, 5000, 4000, 0, 0, 0, 6000, 30000, NULL, '2023-11-29 13:45:41'),
(47, 47, 5000, 8000, 0, 0, 0, 0, 30000, NULL, '2023-11-29 13:45:59'),
(48, 48, 0, 2000, 0, 0, 0, 0, 30000, NULL, '2023-10-06 11:06:59'),
(49, 49, 0, 2000, 0, 0, 0, 0, 30000, NULL, '2023-10-06 11:07:45'),
(50, 50, 0, 0, 0, 0, 0, 0, 30000, NULL, '2023-04-15 22:15:43'),
(51, 51, 5000, 0, 0, 0, 0, 0, 30000, NULL, '2023-06-12 02:12:38'),
(52, 52, 0, 0, 0, 0, 0, 0, 30000, NULL, '2023-04-15 06:34:30'),
(53, 53, 10000, 8000, 0, 0, 0, 0, 30000, NULL, '2023-11-09 02:16:04'),
(54, 54, 0, 0, 0, 0, 0, 0, 30000, NULL, '2023-04-09 12:13:23'),
(55, 55, 5000, 0, 0, 0, 0, 3000, 30000, NULL, '2023-11-29 13:41:16'),
(56, 56, 0, 0, 0, 0, 0, 3000, 30000, NULL, '2023-11-29 13:31:54');

-- --------------------------------------------------------

--
-- Struktur dari tabel `deposit_histories`
--

CREATE TABLE `deposit_histories` (
  `id` bigint(20) UNSIGNED NOT NULL,
  `tanggal` date NOT NULL,
  `deposit_id` bigint(20) UNSIGNED NOT NULL,
  `keterangan` varchar(255) NOT NULL,
  `nominal` int(11) NOT NULL,
  `created_at` timestamp NULL DEFAULT NULL,
  `updated_at` timestamp NULL DEFAULT NULL
) ENGINE=InnoDB DEFAULT CHARSET=utf8mb4 COLLATE=utf8mb4_unicode_ci;

--
-- Dumping data untuk tabel `deposit_histories`
--

INSERT INTO `deposit_histories` (`id`, `tanggal`, `deposit_id`, `keterangan`, `nominal`, `created_at`, `updated_at`) VALUES
(1, '2023-04-01', 13, 'Terlambat mengikuti rapat pleno', 5000, '2023-04-08 22:34:16', '2023-04-08 22:34:16'),
(2, '2023-04-01', 14, 'Terlambat mengikuti rapat pleno', 5000, '2023-04-08 22:34:49', '2023-04-08 22:34:49'),
(3, '2023-04-09', 35, 'Terlambat mengikuti rapat pleno', 5000, '2023-04-08 22:36:35', '2023-04-08 22:36:35'),
(4, '2023-04-09', 43, 'Tidak menggunakan jahim ketika jahim day', 2000, '2023-04-08 22:37:07', '2023-04-08 22:37:07'),
(5, '2023-04-09', 47, 'Terlambat mengikuti rapat pleno', 5000, '2023-05-05 05:43:19', '2023-05-05 05:43:19'),
(6, '2023-05-10', 53, 'Tidak menggunakan jahim ketika jahim day', 2000, '2023-05-11 12:12:22', '2023-05-11 12:12:22'),
(7, '2023-05-10', 46, 'Tidak menggunakan jahim ketika jahim day', 2000, '2023-05-11 12:14:17', '2023-05-11 12:14:17'),
(8, '2023-05-06', 11, 'Terlambat mengikuti rapat pleno', 5000, '2023-05-11 14:56:16', '2023-05-11 14:56:16'),
(9, '2023-05-06', 53, 'Terlambat mengikuti rapat pleno', 5000, '2023-05-11 14:56:48', '2023-05-11 14:56:48'),
(10, '2023-05-24', 47, 'Tidak menggunakan jahim ketika jahim day', 2000, '2023-06-09 08:49:39', '2023-06-09 08:49:39'),
(11, '2023-06-10', 8, 'Terlambat mengikuti rapat pleno', 5000, '2023-06-12 02:10:37', '2023-06-12 02:10:37'),
(12, '2023-06-10', 32, 'Terlambat mengikuti rapat pleno', 5000, '2023-06-12 02:12:09', '2023-06-12 02:12:09'),
(13, '2023-06-10', 51, 'Terlambat mengikuti rapat pleno', 5000, '2023-06-12 02:12:38', '2023-06-12 02:12:38'),
(14, '2023-06-10', 53, 'Terlambat mengikuti rapat pleno', 5000, '2023-06-12 02:13:12', '2023-06-12 02:13:12'),
(15, '2023-06-10', 55, 'Terlambat mengikuti rapat pleno', 5000, '2023-06-12 02:13:53', '2023-06-12 02:13:53'),
(16, '2023-07-05', 18, 'Tidak menggunakan jahim ketika jahim day', 2000, '2023-07-14 14:00:38', '2023-07-14 14:00:38'),
(17, '2023-07-15', 46, 'Terlambat mengikuti rapat pleno', 5000, '2023-08-15 13:55:38', '2023-08-15 13:55:38'),
(18, '2023-08-16', 11, 'Terlambat mengikuti rapat pleno', 5000, '2023-08-23 16:56:22', '2023-08-23 16:56:22'),
(19, '2023-08-16', 19, 'Terlambat mengikuti rapat pleno', 5000, '2023-08-23 16:59:16', '2023-08-23 16:59:16'),
(20, '2023-08-16', 35, 'Terlambat mengikuti rapat pleno', 5000, '2023-08-23 16:59:47', '2023-08-23 16:59:47'),
(21, '2023-08-16', 42, 'Terlambat mengikuti rapat pleno', 5000, '2023-08-23 17:00:17', '2023-08-23 17:00:17'),
(22, '2023-08-16', 14, 'Tidak menggunakan jahim ketika jahim day', 2000, '2023-08-23 17:01:20', '2023-08-23 17:01:20'),
(23, '2023-08-16', 11, 'Tidak menggunakan jahim ketika jahim day', 2000, '2023-08-23 17:01:55', '2023-08-23 17:01:55'),
(24, '2023-08-16', 12, 'Tidak menggunakan jahim ketika jahim day', 2000, '2023-08-23 17:02:19', '2023-08-23 17:02:19'),
(25, '2023-08-16', 13, 'Tidak menggunakan jahim ketika jahim day', 2000, '2023-08-23 17:02:41', '2023-08-23 17:02:41'),
(26, '2023-08-16', 19, 'Tidak menggunakan jahim ketika jahim day', 2000, '2023-08-23 17:03:00', '2023-08-23 17:03:00'),
(27, '2023-08-16', 18, 'Tidak menggunakan jahim ketika jahim day', 2000, '2023-08-23 17:03:16', '2023-08-23 17:03:16'),
(29, '2023-08-16', 44, 'Tidak menggunakan jahim ketika jahim day', 2000, '2023-08-23 17:03:52', '2023-08-23 17:03:52'),
(30, '2023-08-16', 31, 'Tidak menggunakan jahim ketika jahim day', 2000, '2023-08-23 17:04:10', '2023-08-23 17:04:10'),
(31, '2023-08-16', 42, 'Tidak menggunakan jahim ketika jahim day', 2000, '2023-08-23 17:04:29', '2023-08-23 17:04:29'),
(32, '2023-08-16', 53, 'Tidak menggunakan jahim ketika jahim day', 2000, '2023-08-23 17:04:45', '2023-08-23 17:04:45'),
(33, '2023-08-16', 25, 'Tidak menggunakan jahim ketika jahim day', 2000, '2023-08-23 17:05:04', '2023-08-23 17:05:04'),
(34, '2023-08-16', 43, 'Tidak menggunakan jahim ketika jahim day', 2000, '2023-08-23 17:07:07', '2023-08-23 17:07:07'),
(35, '2023-08-20', 9, 'Tidak mengikuti piket pesek', 10000, '2023-08-28 03:03:26', '2023-08-28 03:03:26'),
(36, '2023-08-23', 48, 'Tidak menggunakan jahim ketika jahim day', 2000, '2023-10-06 11:06:59', '2023-10-06 11:06:59'),
(37, '2023-08-23', 49, 'Tidak menggunakan jahim ketika jahim day', 2000, '2023-10-06 11:07:45', '2023-10-06 11:07:45'),
(38, '2023-08-30', 8, 'Tidak menggunakan jahim ketika jahim day', 2000, '2023-10-06 11:10:45', '2023-10-06 11:10:45'),
(39, '2023-08-30', 14, 'Tidak menggunakan jahim ketika jahim day', 2000, '2023-10-06 11:11:19', '2023-10-06 11:11:19'),
(40, '2023-08-30', 12, 'Tidak menggunakan jahim ketika jahim day', 2000, '2023-10-06 11:11:51', '2023-10-06 11:11:51'),
(41, '2023-08-30', 11, 'Tidak menggunakan jahim ketika jahim day', 2000, '2023-10-06 11:12:13', '2023-10-06 11:12:13'),
(42, '2023-08-30', 7, 'Tidak menggunakan jahim ketika jahim day', 2000, '2023-10-06 11:12:40', '2023-10-06 11:12:40'),
(43, '2023-09-07', 53, 'Tidak menggunakan jahim ketika jahim day', 2000, '2023-10-06 11:14:07', '2023-10-06 11:14:07'),
(44, '2023-09-07', 13, 'Tidak menggunakan jahim ketika jahim day', 2000, '2023-10-06 11:14:38', '2023-10-06 11:14:38'),
(45, '2023-09-07', 41, 'Tidak menggunakan jahim ketika jahim day', 2000, '2023-10-06 11:15:10', '2023-10-06 11:15:10'),
(46, '2023-09-07', 42, 'Tidak menggunakan jahim ketika jahim day', 2000, '2023-10-06 11:15:38', '2023-10-06 11:15:38'),
(47, '2023-09-20', 38, 'Tidak menggunakan jahim ketika jahim day', 2000, '2023-11-09 02:15:02', '2023-11-09 02:15:02'),
(48, '2023-09-20', 42, 'Tidak menggunakan jahim ketika jahim day', 2000, '2023-11-09 02:15:31', '2023-11-09 02:15:31'),
(49, '2023-09-20', 53, 'Tidak menggunakan jahim ketika jahim day', 2000, '2023-11-09 02:16:04', '2023-11-09 02:16:04'),
(50, '2023-09-20', 33, 'Tidak menggunakan jahim ketika jahim day', 2000, '2023-11-09 02:16:27', '2023-11-09 02:16:27'),
(51, '2023-09-20', 31, 'Tidak menggunakan jahim ketika jahim day', 2000, '2023-11-09 02:16:46', '2023-11-09 02:16:46'),
(52, '2023-09-20', 2, 'Tidak menggunakan jahim ketika jahim day', 2000, '2023-11-09 02:17:02', '2023-11-09 02:17:02'),
(53, '2023-09-20', 11, 'Tidak menggunakan jahim ketika jahim day', 2000, '2023-11-09 02:17:26', '2023-11-09 02:17:26'),
(54, '2023-09-20', 14, 'Tidak menggunakan jahim ketika jahim day', 2000, '2023-11-09 02:17:51', '2023-11-09 02:17:51'),
(55, '2023-09-27', 4, 'Tidak menggunakan jahim ketika jahim day', 2000, '2023-11-09 02:18:12', '2023-11-09 02:18:12'),
(56, '2023-10-04', 25, 'Tidak menggunakan jahim ketika jahim day', 2000, '2023-11-09 02:18:34', '2023-11-09 02:18:34'),
(57, '2023-10-04', 35, 'Tidak menggunakan jahim ketika jahim day', 2000, '2023-11-09 02:19:05', '2023-11-09 02:19:05'),
(58, '2023-10-04', 30, 'Tidak menggunakan jahim ketika jahim day', 2000, '2023-11-09 02:19:25', '2023-11-09 02:19:25'),
(59, '2023-10-04', 3, 'Tidak menggunakan jahim ketika jahim day', 2000, '2023-11-09 02:19:49', '2023-11-09 02:19:49'),
(60, '2023-10-04', 6, 'Tidak menggunakan jahim ketika jahim day', 2000, '2023-11-09 02:20:23', '2023-11-09 02:20:23'),
(61, '2023-10-04', 20, 'Tidak menggunakan jahim ketika jahim day', 2000, '2023-11-09 02:20:59', '2023-11-09 02:20:59'),
(62, '2023-10-04', 47, 'Tidak menggunakan jahim ketika jahim day', 2000, '2023-11-09 02:21:20', '2023-11-09 02:21:20'),
(63, '2023-10-18', 42, 'Tidak menggunakan jahim ketika jahim day', 2000, '2023-11-09 02:21:44', '2023-11-09 02:21:44'),
(64, '2023-10-18', 25, 'Tidak menggunakan jahim ketika jahim day', 2000, '2023-11-09 02:22:07', '2023-11-09 02:22:07'),
(65, '2023-11-08', 47, 'Tidak menggunakan jahim ketika jahim day', 2000, '2023-11-29 07:06:53', '2023-11-29 07:06:53'),
(66, '2023-11-08', 42, 'Tidak menggunakan jahim ketika jahim day', 2000, '2023-11-29 07:07:27', '2023-11-29 07:07:27'),
(67, '2023-11-05', 3, 'Lainya', 3000, '2023-11-29 13:24:34', '2023-11-29 13:24:34'),
(68, '2023-11-05', 16, 'Lainya', 6000, '2023-11-29 13:25:01', '2023-11-29 13:25:01'),
(69, '2023-11-05', 25, 'Lainya', 15000, '2023-11-29 13:25:41', '2023-11-29 13:25:41'),
(70, '2023-11-05', 8, 'Lainya', 6000, '2023-11-29 13:31:24', '2023-11-29 13:31:24'),
(71, '2023-11-05', 56, 'Lainya', 3000, '2023-11-29 13:31:54', '2023-11-29 13:31:54'),
(72, '2023-11-05', 29, 'Lainya', 3000, '2023-11-29 13:32:17', '2023-11-29 13:32:17'),
(73, '2023-11-05', 30, 'Lainya', 3000, '2023-11-29 13:32:45', '2023-11-29 13:32:45'),
(74, '2023-11-05', 32, 'Lainya', 3000, '2023-11-29 13:33:13', '2023-11-29 13:33:13'),
(75, '2023-11-05', 35, 'Lainya', 3000, '2023-11-29 13:33:41', '2023-11-29 13:33:41'),
(76, '2023-11-05', 46, 'Lainya', 6000, '2023-11-29 13:34:00', '2023-11-29 13:34:00'),
(77, '2023-11-05', 40, 'Lainya', 3000, '2023-11-29 13:34:20', '2023-11-29 13:34:20'),
(78, '2023-11-05', 41, 'Lainya', 3000, '2023-11-29 13:34:45', '2023-11-29 13:34:45'),
(79, '2023-11-18', 25, 'Lainya', 3000, '2023-11-29 13:38:47', '2023-11-29 13:38:47'),
(80, '2023-11-18', 35, 'Lainya', 3000, '2023-11-29 13:39:17', '2023-11-29 13:39:17'),
(81, '2023-11-19', 11, 'Lainya', 3000, '2023-11-29 13:39:43', '2023-11-29 13:39:43'),
(82, '2023-11-19', 39, 'Lainya', 3000, '2023-11-29 13:40:03', '2023-11-29 13:40:03'),
(83, '2023-11-19', 18, 'Lainya', 3000, '2023-11-29 13:40:25', '2023-11-29 13:40:25'),
(84, '2023-11-19', 5, 'Lainya', 3000, '2023-11-29 13:40:42', '2023-11-29 13:40:42'),
(85, '2023-11-19', 55, 'Lainya', 3000, '2023-11-29 13:41:16', '2023-11-29 13:41:16'),
(86, '2023-11-19', 25, 'Lainya', 6000, '2023-11-29 13:41:34', '2023-11-29 13:41:34'),
(88, '2023-11-19', 35, 'Lainya', 9000, '2023-11-29 13:42:17', '2023-11-29 13:42:17'),
(89, '2023-11-29', 9, 'Tidak menggunakan jahim ketika jahim day', 2000, '2023-11-29 13:43:52', '2023-11-29 13:43:52'),
(90, '2023-11-29', 36, 'Tidak menggunakan jahim ketika jahim day', 2000, '2023-11-29 13:44:20', '2023-11-29 13:44:20'),
(91, '2023-11-29', 25, 'Tidak menggunakan jahim ketika jahim day', 2000, '2023-11-29 13:44:37', '2023-11-29 13:44:37'),
(92, '2023-11-29', 23, 'Tidak menggunakan jahim ketika jahim day', 2000, '2023-11-29 13:44:51', '2023-11-29 13:44:51'),
(94, '2023-11-29', 32, 'Tidak menggunakan jahim ketika jahim day', 2000, '2023-11-29 13:45:25', '2023-11-29 13:45:25'),
(95, '2023-11-29', 46, 'Tidak menggunakan jahim ketika jahim day', 2000, '2023-11-29 13:45:41', '2023-11-29 13:45:41'),
(96, '2023-11-29', 47, 'Tidak menggunakan jahim ketika jahim day', 2000, '2023-11-29 13:45:59', '2023-11-29 13:45:59'),
(97, '2023-11-09', 8, 'Terlambat mengikuti rapat pleno', 5000, '2023-11-30 01:39:27', '2023-11-30 01:39:27'),
(98, '2023-11-09', 36, 'Terlambat mengikuti rapat pleno', 5000, '2023-11-30 01:39:56', '2023-11-30 01:39:56'),
(99, '2023-11-09', 35, 'Terlambat mengikuti rapat pleno', 5000, '2023-11-30 01:40:17', '2023-11-30 01:40:17'),
(100, '2023-11-09', 24, 'Terlambat mengikuti rapat pleno', 5000, '2023-11-30 01:40:56', '2023-11-30 01:40:56'),
(101, '2023-11-22', 3, 'Tidak menggunakan jahim ketika jahim day', 2000, '2023-11-30 02:27:11', '2023-11-30 02:27:11');

-- --------------------------------------------------------

--
-- Struktur dari tabel `deposit_payments`
--

CREATE TABLE `deposit_payments` (
  `id` bigint(20) UNSIGNED NOT NULL,
  `tanggal` date NOT NULL,
  `deposit_id` bigint(20) UNSIGNED NOT NULL,
  `dana_id` bigint(20) UNSIGNED NOT NULL,
  `nominal` int(11) NOT NULL,
  `created_at` timestamp NULL DEFAULT NULL,
  `updated_at` timestamp NULL DEFAULT NULL
) ENGINE=InnoDB DEFAULT CHARSET=utf8mb4 COLLATE=utf8mb4_unicode_ci;

--
-- Dumping data untuk tabel `deposit_payments`
--

INSERT INTO `deposit_payments` (`id`, `tanggal`, `deposit_id`, `dana_id`, `nominal`, `created_at`, `updated_at`) VALUES
(2, '2023-04-01', 47, 7, 30000, '2023-04-08 22:30:34', '2023-04-08 22:30:34'),
(3, '2023-04-01', 51, 7, 30000, '2023-04-08 22:31:12', '2023-04-08 22:31:12'),
(5, '2023-04-09', 4, 7, 30000, '2023-04-08 22:33:46', '2023-04-08 22:33:46'),
(6, '2023-04-01', 1, 1, 30000, '2023-04-09 10:05:06', '2023-04-09 10:05:06'),
(7, '2023-03-30', 3, 1, 30000, '2023-04-09 11:57:15', '2023-04-09 11:57:15'),
(8, '2023-04-01', 6, 8, 30000, '2023-04-09 11:58:04', '2023-04-09 11:58:04'),
(9, '2023-03-29', 10, 8, 30000, '2023-04-09 11:59:21', '2023-04-09 11:59:21'),
(10, '2023-04-01', 9, 8, 30000, '2023-04-09 12:00:03', '2023-04-09 12:00:03'),
(11, '2023-04-08', 11, 1, 30000, '2023-04-09 12:00:56', '2023-04-09 12:00:56'),
(12, '2023-04-01', 18, 8, 30000, '2023-04-09 12:01:31', '2023-04-09 12:01:31'),
(13, '2023-03-31', 26, 8, 30000, '2023-04-09 12:02:05', '2023-04-09 12:02:05'),
(14, '2023-04-01', 27, 8, 30000, '2023-04-09 12:02:39', '2023-04-09 12:02:39'),
(15, '2023-04-01', 30, 8, 30000, '2023-04-09 12:03:07', '2023-04-09 12:03:07'),
(16, '2023-03-30', 31, 1, 30000, '2023-04-09 12:04:11', '2023-04-09 12:04:11'),
(17, '2023-03-31', 19, 1, 30000, '2023-04-09 12:05:09', '2023-04-09 12:05:09'),
(18, '2023-04-01', 35, 8, 30000, '2023-04-09 12:06:00', '2023-04-09 12:06:00'),
(19, '2023-04-01', 42, 8, 30000, '2023-04-09 12:06:29', '2023-04-09 12:06:29'),
(20, '2023-04-06', 45, 8, 30000, '2023-04-09 12:07:53', '2023-04-09 12:07:53'),
(21, '2023-04-01', 49, 1, 30000, '2023-04-09 12:11:28', '2023-04-09 12:11:28'),
(22, '2023-03-31', 48, 8, 30000, '2023-04-09 12:12:50', '2023-04-09 12:12:50'),
(23, '2023-04-01', 54, 8, 30000, '2023-04-09 12:13:23', '2023-04-09 12:13:23'),
(24, '2023-04-01', 55, 8, 30000, '2023-04-09 12:13:43', '2023-04-09 12:13:43'),
(25, '2023-04-09', 41, 1, 30000, '2023-04-09 13:52:41', '2023-04-09 13:52:41'),
(26, '2023-04-09', 17, 1, 30000, '2023-04-09 15:18:31', '2023-04-09 15:18:31'),
(27, '2023-04-10', 7, 8, 30000, '2023-04-09 23:03:38', '2023-04-09 23:03:38'),
(28, '2023-04-10', 21, 7, 30000, '2023-04-11 06:30:03', '2023-04-11 06:30:03'),
(29, '2023-04-11', 43, 1, 30000, '2023-04-11 13:42:35', '2023-04-11 13:42:35'),
(30, '2023-04-11', 22, 8, 30000, '2023-04-12 16:55:30', '2023-04-12 16:55:30'),
(31, '2023-04-12', 40, 1, 30000, '2023-04-12 16:58:46', '2023-04-12 16:58:46'),
(32, '2023-04-12', 33, 1, 30000, '2023-04-12 17:00:24', '2023-04-12 17:00:24'),
(33, '2023-04-11', 39, 8, 30000, '2023-04-12 17:10:11', '2023-04-12 17:10:11'),
(34, '2023-04-10', 5, 1, 30000, '2023-04-12 17:12:30', '2023-04-12 17:12:30'),
(35, '2023-04-10', 20, 1, 30000, '2023-04-12 17:15:27', '2023-04-12 17:15:27'),
(36, '2023-04-10', 38, 1, 30000, '2023-04-12 17:19:22', '2023-04-12 17:19:22'),
(37, '2023-04-15', 23, 1, 30000, '2023-04-15 05:54:14', '2023-04-15 05:54:14'),
(38, '2023-04-15', 44, 1, 30000, '2023-04-15 06:31:15', '2023-04-15 06:31:15'),
(39, '2023-04-13', 52, 7, 30000, '2023-04-15 06:34:30', '2023-04-15 06:34:30'),
(40, '2023-04-15', 29, 1, 30000, '2023-04-15 07:06:17', '2023-04-15 07:06:17'),
(41, '2023-04-15', 46, 7, 30000, '2023-04-15 16:28:39', '2023-04-15 16:28:39'),
(42, '2023-04-15', 50, 1, 30000, '2023-04-15 22:15:43', '2023-04-15 22:15:43'),
(43, '2023-04-16', 36, 1, 30000, '2023-04-17 00:18:51', '2023-04-17 00:18:51'),
(44, '2023-04-15', 28, 1, 30000, '2023-04-17 00:19:16', '2023-04-17 00:19:16'),
(45, '2023-04-20', 2, 1, 30000, '2023-04-20 05:05:33', '2023-04-20 05:05:33'),
(46, '2023-04-18', 37, 7, 30000, '2023-04-20 05:06:26', '2023-04-20 05:06:26'),
(47, '2023-04-20', 15, 1, 30000, '2023-04-20 07:26:09', '2023-04-20 07:26:09'),
(48, '2023-04-20', 12, 1, 30000, '2023-04-20 08:59:23', '2023-04-20 08:59:23'),
(49, '2023-04-20', 34, 1, 30000, '2023-04-20 12:31:02', '2023-04-20 12:31:02'),
(50, '2023-04-22', 32, 1, 30000, '2023-04-22 10:50:28', '2023-04-22 10:50:28'),
(51, '2023-04-11', 25, 8, 30000, '2023-04-24 04:03:49', '2023-04-24 04:03:49'),
(52, '2023-04-24', 16, 1, 30000, '2023-04-24 04:48:34', '2023-04-24 04:48:34'),
(53, '2023-04-25', 8, 1, 30000, '2023-04-25 10:32:36', '2023-04-25 10:32:36'),
(54, '2023-04-25', 24, 1, 30000, '2023-04-25 10:51:14', '2023-04-25 10:51:14'),
(55, '2023-04-24', 14, 1, 30000, '2023-04-25 11:30:49', '2023-04-25 11:30:49'),
(56, '2023-04-25', 53, 1, 30000, '2023-04-25 11:33:01', '2023-04-25 11:33:01'),
(57, '2023-04-25', 13, 1, 30000, '2023-04-25 15:09:21', '2023-04-25 15:09:21'),
(58, '2023-04-25', 56, 7, 30000, '2023-04-26 01:32:57', '2023-04-26 01:32:57');

-- --------------------------------------------------------

--
-- Struktur dari tabel `kas`
--

CREATE TABLE `kas` (
  `id` bigint(20) UNSIGNED NOT NULL,
  `pengurus_id` bigint(20) UNSIGNED NOT NULL,
  `april` int(11) NOT NULL DEFAULT 0,
  `mei` int(11) NOT NULL DEFAULT 0,
  `juni` int(11) NOT NULL DEFAULT 0,
  `juli` int(11) NOT NULL DEFAULT 0,
  `agustus` int(11) NOT NULL DEFAULT 0,
  `september` int(11) NOT NULL DEFAULT 0,
  `oktober` int(11) NOT NULL DEFAULT 0,
  `november` int(11) NOT NULL DEFAULT 0,
  `created_at` timestamp NULL DEFAULT NULL,
  `updated_at` timestamp NULL DEFAULT NULL
) ENGINE=InnoDB DEFAULT CHARSET=utf8mb4 COLLATE=utf8mb4_unicode_ci;

--
-- Dumping data untuk tabel `kas`
--

INSERT INTO `kas` (`id`, `pengurus_id`, `april`, `mei`, `juni`, `juli`, `agustus`, `september`, `oktober`, `november`, `created_at`, `updated_at`) VALUES
(1, 1, 15000, 15000, 15000, 15000, 15000, 15000, 15000, 15000, NULL, '2023-04-27 08:46:24'),
(2, 2, 15000, 15000, 15000, 15000, 15000, 15000, 15000, 15000, NULL, '2023-11-21 04:34:03'),
(3, 3, 15000, 15000, 15000, 15000, 15000, 15000, 15000, 15000, NULL, '2023-11-30 13:20:22'),
(4, 4, 15000, 15000, 15000, 15000, 15000, 15000, 15000, 15000, NULL, '2023-08-15 13:53:58'),
(5, 5, 15000, 15000, 15000, 15000, 15000, 15000, 15000, 15000, NULL, '2023-11-30 13:20:43'),
(6, 6, 15000, 15000, 15000, 15000, 15000, 15000, 15000, 15000, NULL, '2023-10-31 08:44:24'),
(7, 7, 15000, 15000, 15000, 15000, 15000, 15000, 15000, 15000, NULL, '2023-11-29 10:50:14'),
(8, 8, 15000, 15000, 15000, 15000, 15000, 15000, 15000, 17000, NULL, '2023-11-09 03:45:37'),
(9, 9, 15000, 15000, 15000, 15000, 15000, 15000, 15000, 17000, NULL, '2023-11-30 13:27:55'),
(10, 10, 15000, 15000, 15000, 15000, 15000, 15000, 15000, 17000, NULL, '2023-11-30 13:28:48'),
(11, 11, 15000, 15000, 15000, 15000, 15000, 15000, 15000, 17000, NULL, '2023-11-30 13:32:55'),
(12, 12, 15000, 15000, 15000, 15000, 15000, 15000, 15000, 17000, NULL, '2023-11-30 13:31:52'),
(13, 13, 15000, 15000, 15000, 15000, 15000, 15000, 15000, 17000, NULL, '2023-11-09 05:52:02'),
(14, 14, 15000, 15000, 15000, 15000, 15000, 15000, 15000, 17000, NULL, '2023-12-14 14:14:17'),
(15, 15, 15000, 15000, 15000, 15000, 15000, 15000, 15000, 15000, NULL, '2023-06-05 03:52:49'),
(16, 16, 15000, 15000, 15000, 15000, 15000, 15000, 15000, 15000, NULL, '2023-11-30 13:25:42'),
(17, 17, 15000, 15000, 15000, 15000, 15000, 15000, 15000, 15000, NULL, '2023-11-17 02:18:35'),
(18, 18, 15000, 15000, 15000, 15000, 15000, 15000, 15000, 15000, NULL, '2023-08-21 08:58:35'),
(19, 19, 15000, 15000, 15000, 15000, 15000, 15000, 15000, 15000, NULL, '2023-11-30 13:26:22'),
(20, 20, 15000, 15000, 15000, 15000, 15000, 15000, 15000, 15000, NULL, '2023-11-30 13:26:46'),
(21, 21, 15000, 15000, 15000, 15000, 15000, 15000, 17000, 15000, NULL, '2023-12-14 14:13:05'),
(22, 22, 15000, 15000, 15000, 15000, 15000, 15000, 17000, 15000, NULL, '2023-12-13 12:31:23'),
(23, 23, 15000, 15000, 15000, 15000, 15000, 15000, 17000, 15000, NULL, '2023-10-21 03:02:45'),
(24, 24, 15000, 15000, 15000, 15000, 15000, 15000, 17000, 15000, NULL, '2023-12-14 14:13:34'),
(25, 25, 15000, 15000, 15000, 15000, 15000, 15000, 17000, 15000, NULL, '2023-11-29 09:33:39'),
(26, 26, 15000, 15000, 15000, 15000, 15000, 15000, 17000, 15000, NULL, '2023-11-24 11:36:49'),
(27, 27, 15000, 15000, 15000, 15000, 15000, 15000, 17000, 15000, NULL, '2023-11-29 09:32:08'),
(28, 28, 15000, 15000, 15000, 15000, 15000, 15000, 17000, 15000, NULL, '2023-11-24 11:03:10'),
(29, 29, 15000, 15000, 15000, 15000, 15000, 15000, 15000, 15000, NULL, '2023-11-29 06:56:16'),
(30, 30, 15000, 15000, 15000, 15000, 15000, 15000, 15000, 15000, NULL, '2023-10-18 09:58:09'),
(31, 31, 15000, 15000, 15000, 15000, 15000, 15000, 15000, 15000, NULL, '2023-10-23 03:51:31'),
(32, 32, 15000, 15000, 15000, 15000, 15000, 15000, 15000, 15000, NULL, '2023-11-17 02:21:55'),
(33, 33, 15000, 15000, 15000, 15000, 15000, 15000, 15000, 15000, NULL, '2023-11-14 07:04:49'),
(34, 34, 15000, 15000, 15000, 15000, 15000, 15000, 15000, 15000, NULL, '2023-04-20 13:04:15'),
(35, 35, 15000, 15000, 15000, 15000, 15000, 15000, 15000, 15000, NULL, '2023-11-29 14:07:45'),
(36, 36, 15000, 15000, 15000, 15000, 15000, 15000, 15000, 15000, NULL, '2023-12-13 12:32:13'),
(37, 37, 15000, 15000, 15000, 15000, 15000, 15000, 15000, 15000, NULL, '2023-11-14 07:06:00'),
(38, 38, 15000, 15000, 15000, 15000, 15000, 15000, 15000, 15000, NULL, '2023-11-29 09:32:51'),
(39, 39, 15000, 15000, 15000, 15000, 15000, 15000, 15000, 15000, NULL, '2023-11-29 10:03:57'),
(40, 40, 15000, 15000, 15000, 15000, 15000, 15000, 15000, 15000, NULL, '2023-10-31 08:47:41'),
(41, 41, 15000, 15000, 15000, 15000, 15000, 15000, 15000, 15000, NULL, '2023-08-21 08:57:42'),
(42, 42, 15000, 15000, 15000, 15000, 15000, 15000, 15000, 15000, NULL, '2023-09-29 06:33:20'),
(43, 43, 15000, 15000, 15000, 15000, 15000, 15000, 15000, 15000, NULL, '2023-11-17 03:40:40'),
(44, 44, 15000, 15000, 15000, 15000, 15000, 15000, 15000, 15000, NULL, '2023-10-18 10:49:25'),
(45, 45, 15000, 15000, 15000, 15000, 15000, 15000, 15000, 15000, NULL, '2023-11-18 05:23:22'),
(46, 46, 15000, 15000, 15000, 15000, 15000, 15000, 15000, 15000, NULL, '2023-11-26 19:04:54'),
(47, 47, 15000, 15000, 15000, 15000, 15000, 15000, 15000, 15000, NULL, '2023-11-29 14:08:21'),
(48, 48, 15000, 15000, 15000, 15000, 15000, 15000, 15000, 15000, NULL, '2023-11-17 02:28:21'),
(49, 49, 15000, 15000, 15000, 15000, 15000, 15000, 15000, 15000, NULL, '2023-12-13 12:31:04'),
(50, 50, 15000, 15000, 15000, 15000, 15000, 15000, 15000, 15000, NULL, '2023-11-30 13:30:13'),
(51, 51, 15000, 15000, 15000, 15000, 15000, 15000, 15000, 15000, NULL, '2023-11-29 09:31:35'),
(52, 52, 15000, 15000, 15000, 15000, 15000, 15000, 15000, 15000, NULL, '2023-11-21 04:34:32'),
(53, 53, 15000, 15000, 15000, 15000, 15000, 15000, 15000, 15000, NULL, '2023-08-31 07:27:29'),
(54, 54, 15000, 15000, 15000, 15000, 15000, 15000, 15000, 15000, NULL, '2023-11-14 07:05:46'),
(55, 55, 15000, 15000, 15000, 15000, 15000, 15000, 15000, 15000, NULL, '2023-10-09 01:52:25'),
(56, 56, 15000, 15000, 15000, 15000, 15000, 15000, 15000, 15000, NULL, '2023-11-09 03:43:33');

-- --------------------------------------------------------

--
-- Struktur dari tabel `kas_histories`
--

CREATE TABLE `kas_histories` (
  `id` bigint(20) UNSIGNED NOT NULL,
  `tanggal` date NOT NULL,
  `dana_id` bigint(20) UNSIGNED NOT NULL,
  `kas_id` bigint(20) UNSIGNED NOT NULL,
  `bulan` varchar(255) NOT NULL,
  `nominal` int(11) NOT NULL,
  `created_at` timestamp NULL DEFAULT NULL,
  `updated_at` timestamp NULL DEFAULT NULL
) ENGINE=InnoDB DEFAULT CHARSET=utf8mb4 COLLATE=utf8mb4_unicode_ci;

--
-- Dumping data untuk tabel `kas_histories`
--

INSERT INTO `kas_histories` (`id`, `tanggal`, `dana_id`, `kas_id`, `bulan`, `nominal`, `created_at`, `updated_at`) VALUES
(1, '2023-04-08', 1, 11, 'April', 15000, '2023-04-08 06:55:24', '2023-04-08 06:55:24'),
(2, '2023-04-01', 8, 6, 'April', 15000, '2023-04-08 06:56:54', '2023-04-08 06:56:54'),
(3, '2023-04-01', 8, 55, 'April', 15000, '2023-04-08 07:21:58', '2023-04-08 07:21:58'),
(4, '2023-04-01', 8, 54, 'April', 15000, '2023-04-08 07:23:31', '2023-04-08 07:23:31'),
(5, '2023-04-01', 8, 54, 'Mei', 15000, '2023-04-08 07:23:31', '2023-04-08 07:23:31'),
(6, '2023-04-01', 1, 49, 'April', 15000, '2023-04-08 07:25:38', '2023-04-08 07:25:38'),
(7, '2023-04-01', 7, 2, 'April', 15000, '2023-04-08 22:31:49', '2023-04-08 22:31:49'),
(8, '2023-04-01', 7, 37, 'April', 15000, '2023-04-08 22:32:24', '2023-04-08 22:32:24'),
(9, '2023-04-01', 7, 47, 'April', 15000, '2023-04-08 22:32:46', '2023-04-08 22:32:46'),
(10, '2023-04-09', 7, 4, 'April', 15000, '2023-04-08 22:33:08', '2023-04-08 22:33:24'),
(11, '2023-04-01', 1, 1, 'April', 15000, '2023-04-09 09:31:25', '2023-04-09 09:31:25'),
(12, '2023-04-01', 8, 9, 'April', 15000, '2023-04-09 09:34:05', '2023-04-09 09:34:05'),
(13, '2023-04-01', 1, 15, 'April', 15000, '2023-04-09 09:38:20', '2023-04-09 09:38:20'),
(14, '2023-04-01', 1, 15, 'Mei', 15000, '2023-04-09 09:38:20', '2023-04-09 09:38:20'),
(15, '2023-04-01', 1, 15, 'Juni', 15000, '2023-04-09 09:38:20', '2023-04-09 09:38:20'),
(16, '2023-04-01', 8, 18, 'April', 15000, '2023-04-09 09:39:42', '2023-04-09 09:39:42'),
(17, '2023-04-01', 8, 18, 'Mei', 15000, '2023-04-09 09:39:42', '2023-04-09 09:39:42'),
(18, '2023-03-31', 8, 26, 'April', 15000, '2023-04-09 09:40:31', '2023-04-09 09:40:31'),
(19, '2023-04-01', 8, 30, 'April', 15000, '2023-04-09 09:43:10', '2023-04-09 09:43:10'),
(20, '2023-04-01', 8, 27, 'April', 15000, '2023-04-09 09:43:37', '2023-04-09 09:43:37'),
(21, '2023-04-01', 1, 31, 'April', 15000, '2023-04-09 09:44:46', '2023-04-09 09:44:46'),
(22, '2023-04-01', 8, 35, 'April', 15000, '2023-04-09 09:47:35', '2023-04-09 09:47:35'),
(23, '2023-04-01', 8, 42, 'April', 15000, '2023-04-09 09:49:41', '2023-04-09 09:49:41'),
(24, '2023-04-06', 8, 45, 'April', 15000, '2023-04-09 09:50:39', '2023-04-09 09:50:39'),
(25, '2023-03-31', 8, 48, 'April', 15000, '2023-04-09 09:51:29', '2023-04-09 09:51:29'),
(26, '2023-04-09', 1, 17, 'April', 15000, '2023-04-09 15:29:26', '2023-04-09 15:29:26'),
(27, '2023-04-10', 8, 7, 'April', 15000, '2023-04-09 23:02:53', '2023-04-09 23:02:53'),
(28, '2023-04-10', 7, 21, 'April', 15000, '2023-04-11 06:31:00', '2023-04-11 06:31:00'),
(29, '2023-04-12', 1, 40, 'April', 15000, '2023-04-12 16:58:09', '2023-04-12 16:58:09'),
(30, '2023-04-12', 1, 33, 'April', 15000, '2023-04-12 17:01:33', '2023-04-12 17:01:33'),
(31, '2023-04-12', 1, 3, 'April', 15000, '2023-04-12 17:07:31', '2023-04-12 17:07:31'),
(32, '2023-04-12', 1, 3, 'Mei', 15000, '2023-04-12 17:07:31', '2023-04-12 17:07:31'),
(33, '2023-04-12', 8, 20, 'April', 15000, '2023-04-12 17:15:53', '2023-04-12 17:15:53'),
(34, '2023-04-12', 8, 39, 'April', 15000, '2023-04-12 17:16:16', '2023-04-12 17:16:16'),
(35, '2023-04-10', 1, 5, 'April', 15000, '2023-04-12 17:16:48', '2023-04-12 17:16:48'),
(36, '2023-04-10', 1, 38, 'April', 15000, '2023-04-12 17:18:38', '2023-04-12 17:18:38'),
(37, '2023-04-15', 1, 23, 'April', 15000, '2023-04-15 05:56:46', '2023-04-15 05:56:46'),
(38, '2023-04-15', 1, 44, 'April', 15000, '2023-04-15 06:33:17', '2023-04-15 06:33:17'),
(39, '2023-04-15', 1, 44, 'Mei', 15000, '2023-04-15 06:33:17', '2023-04-15 06:33:17'),
(40, '2023-04-13', 7, 52, 'April', 15000, '2023-04-15 06:34:58', '2023-04-15 06:34:58'),
(41, '2023-04-15', 1, 29, 'April', 15000, '2023-04-15 07:05:45', '2023-04-15 07:05:45'),
(42, '2023-04-01', 7, 46, 'April', 15000, '2023-04-15 16:27:40', '2023-04-15 16:27:40'),
(43, '2023-04-15', 1, 50, 'April', 15000, '2023-04-15 22:14:44', '2023-04-15 22:14:44'),
(44, '2023-04-16', 1, 36, 'April', 15000, '2023-04-17 00:17:02', '2023-04-17 00:17:02'),
(45, '2023-04-15', 1, 28, 'April', 15000, '2023-04-17 00:18:20', '2023-04-17 00:18:20'),
(46, '2023-04-15', 1, 43, 'April', 15000, '2023-04-17 00:23:05', '2023-04-17 00:23:05'),
(47, '2023-03-29', 8, 10, 'April', 15000, '2023-04-17 00:26:38', '2023-04-17 00:26:38'),
(48, '2023-04-17', 1, 41, 'April', 15000, '2023-04-17 01:00:25', '2023-04-17 01:00:25'),
(49, '2023-04-17', 1, 41, 'Mei', 15000, '2023-04-17 01:00:25', '2023-04-17 01:00:25'),
(50, '2023-04-17', 1, 41, 'Juni', 15000, '2023-04-17 01:00:25', '2023-04-17 01:00:25'),
(51, '2023-04-20', 1, 12, 'April', 15000, '2023-04-20 08:59:51', '2023-04-20 08:59:51'),
(52, '2023-04-20', 1, 32, 'April', 15000, '2023-04-20 12:30:26', '2023-04-20 12:30:26'),
(53, '2023-04-20', 1, 34, 'April', 15000, '2023-04-20 13:04:15', '2023-04-20 13:04:15'),
(54, '2023-04-20', 1, 34, 'Mei', 15000, '2023-04-20 13:04:15', '2023-04-20 13:04:15'),
(55, '2023-04-20', 1, 34, 'Juni', 15000, '2023-04-20 13:04:15', '2023-04-20 13:04:15'),
(56, '2023-04-20', 1, 34, 'Juli', 15000, '2023-04-20 13:04:15', '2023-04-20 13:04:15'),
(57, '2023-04-20', 1, 34, 'Agustus', 15000, '2023-04-20 13:04:15', '2023-04-20 13:04:15'),
(58, '2023-04-20', 1, 34, 'September', 15000, '2023-04-20 13:04:15', '2023-04-20 13:04:15'),
(59, '2023-04-20', 1, 34, 'Oktober', 15000, '2023-04-20 13:04:15', '2023-04-20 13:04:15'),
(60, '2023-04-20', 1, 34, 'November', 15000, '2023-04-20 13:04:15', '2023-04-20 13:04:15'),
(61, '2023-04-11', 8, 25, 'April', 15000, '2023-04-24 04:02:10', '2023-04-24 04:02:10'),
(62, '2023-04-24', 1, 16, 'April', 15000, '2023-04-24 04:54:08', '2023-04-24 04:54:08'),
(63, '2023-04-24', 7, 16, 'Mei', 15000, '2023-04-24 04:54:08', '2023-09-26 11:02:13'),
(64, '2023-04-25', 1, 8, 'April', 15000, '2023-04-25 10:33:19', '2023-04-25 10:33:19'),
(65, '2023-04-25', 1, 8, 'Mei', 15000, '2023-04-25 10:33:19', '2023-04-25 10:33:19'),
(66, '2023-04-25', 1, 24, 'April', 15000, '2023-04-25 10:50:57', '2023-04-25 10:50:57'),
(67, '2023-04-25', 1, 53, 'April', 15000, '2023-04-25 11:33:45', '2023-04-25 11:33:45'),
(68, '2023-04-25', 1, 53, 'Mei', 15000, '2023-04-25 11:33:45', '2023-04-25 11:33:45'),
(69, '2023-04-24', 1, 14, 'April', 15000, '2023-04-25 11:34:19', '2023-04-25 11:34:19'),
(70, '2023-04-25', 7, 56, 'April', 15000, '2023-04-25 13:44:05', '2023-04-25 13:44:05'),
(71, '2023-04-01', 8, 13, 'April', 15000, '2023-04-25 15:08:37', '2023-04-25 15:08:37'),
(72, '2023-04-26', 7, 51, 'April', 15000, '2023-04-26 01:32:22', '2023-04-26 01:32:22'),
(73, '2023-04-26', 1, 1, 'Mei', 15000, '2023-04-27 08:46:24', '2023-04-27 08:46:24'),
(74, '2023-04-26', 1, 1, 'Juni', 15000, '2023-04-27 08:46:24', '2023-04-27 08:46:24'),
(75, '2023-04-26', 1, 1, 'Juli', 15000, '2023-04-27 08:46:24', '2023-04-27 08:46:24'),
(76, '2023-04-26', 1, 1, 'Agustus', 15000, '2023-04-27 08:46:24', '2023-04-27 08:46:24'),
(77, '2023-04-26', 1, 1, 'September', 15000, '2023-04-27 08:46:24', '2023-04-27 08:46:24'),
(78, '2023-04-26', 1, 1, 'Oktober', 15000, '2023-04-27 08:46:24', '2023-04-27 08:46:24'),
(79, '2023-04-26', 1, 1, 'November', 15000, '2023-04-27 08:46:24', '2023-04-27 08:46:24'),
(80, '2023-04-12', 8, 19, 'April', 15000, '2023-04-27 13:53:45', '2023-04-27 13:53:45'),
(81, '2023-04-30', 8, 22, 'April', 15000, '2023-04-30 12:16:27', '2023-04-30 12:16:27'),
(82, '2023-05-02', 7, 51, 'Mei', 15000, '2023-05-02 03:21:45', '2023-05-02 03:21:45'),
(83, '2023-05-02', 7, 21, 'Mei', 15000, '2023-05-02 08:32:18', '2023-05-02 08:32:18'),
(84, '2023-05-02', 8, 48, 'Mei', 15000, '2023-05-02 15:53:34', '2023-05-02 15:53:34'),
(85, '2023-05-02', 8, 49, 'Mei', 15000, '2023-05-02 15:55:17', '2023-05-02 15:55:17'),
(86, '2023-05-02', 8, 49, 'Juni', 15000, '2023-05-02 15:55:17', '2023-05-02 15:55:17'),
(87, '2023-05-03', 8, 10, 'Mei', 15000, '2023-05-03 00:19:22', '2023-05-03 00:19:22'),
(88, '2023-05-03', 8, 26, 'Mei', 15000, '2023-05-03 00:20:12', '2023-05-03 00:20:12'),
(89, '2023-05-03', 7, 17, 'Mei', 15000, '2023-05-03 01:42:59', '2023-05-03 01:42:59'),
(90, '2023-05-03', 8, 45, 'Mei', 15000, '2023-05-03 13:29:47', '2023-05-03 13:29:47'),
(91, '2023-05-06', 7, 27, 'Mei', 15000, '2023-05-06 02:03:53', '2023-05-06 02:03:53'),
(92, '2023-05-06', 8, 42, 'Mei', 15000, '2023-05-06 05:38:15', '2023-05-06 05:38:15'),
(93, '2023-05-06', 8, 42, 'Juni', 15000, '2023-05-06 05:38:15', '2023-05-06 05:38:15'),
(94, '2023-05-08', 1, 31, 'Mei', 15000, '2023-05-08 01:20:09', '2023-05-08 01:20:09'),
(95, '2023-05-08', 1, 32, 'Mei', 15000, '2023-05-08 04:05:29', '2023-05-08 04:05:29'),
(96, '2023-05-11', 1, 2, 'Mei', 15000, '2023-05-13 00:03:22', '2023-05-13 00:03:22'),
(97, '2023-05-11', 8, 22, 'Mei', 15000, '2023-05-13 00:04:32', '2023-05-13 00:04:32'),
(99, '2023-05-14', 1, 6, 'Mei', 15000, '2023-05-14 10:14:53', '2023-05-14 10:14:53'),
(100, '2023-05-15', 8, 39, 'Mei', 15000, '2023-05-15 00:45:07', '2023-05-15 00:45:07'),
(101, '2023-05-16', 7, 46, 'Mei', 15000, '2023-05-16 13:10:34', '2023-05-16 13:10:34'),
(102, '2023-05-16', 7, 4, 'Mei', 15000, '2023-05-16 13:11:02', '2023-05-16 13:11:02'),
(103, '2023-05-16', 8, 5, 'Mei', 15000, '2023-05-17 00:12:21', '2023-05-17 00:12:21'),
(104, '2023-05-15', 8, 11, 'Mei', 15000, '2023-05-17 00:12:44', '2023-05-17 00:12:44'),
(105, '2023-05-15', 8, 11, 'Juni', 15000, '2023-05-17 00:12:44', '2023-05-17 00:12:44'),
(108, '2023-05-17', 8, 20, 'Mei', 15000, '2023-05-17 00:23:05', '2023-05-17 00:23:05'),
(109, '2023-05-18', 8, 18, 'Juni', 15000, '2023-05-18 02:28:43', '2023-05-18 02:28:43'),
(110, '2023-05-18', 8, 23, 'Mei', 15000, '2023-05-18 05:02:59', '2023-05-18 05:02:59'),
(111, '2023-05-18', 1, 52, 'Mei', 15000, '2023-05-18 05:36:46', '2023-09-26 11:00:35'),
(112, '2023-05-18', 1, 29, 'Mei', 15000, '2023-05-18 05:37:02', '2023-09-26 11:00:07'),
(113, '2023-05-18', 8, 55, 'Mei', 15000, '2023-05-20 01:51:58', '2023-05-20 01:51:58'),
(114, '2023-05-18', 8, 28, 'Mei', 15000, '2023-05-20 01:53:10', '2023-05-20 01:53:10'),
(115, '2023-05-15', 1, 14, 'Mei', 15000, '2023-05-23 00:11:38', '2023-05-23 00:11:38'),
(116, '2023-05-15', 1, 14, 'Juni', 15000, '2023-05-23 00:11:38', '2023-05-23 00:11:38'),
(117, '2023-05-20', 8, 30, 'Mei', 15000, '2023-05-23 00:12:04', '2023-05-23 00:12:04'),
(118, '2023-05-21', 1, 33, 'Mei', 15000, '2023-05-23 00:13:02', '2023-05-23 00:13:02'),
(119, '2023-05-25', 1, 36, 'Mei', 15000, '2023-05-25 04:28:23', '2023-05-25 04:28:23'),
(120, '2023-05-25', 8, 7, 'Mei', 15000, '2023-05-25 05:05:29', '2023-05-25 05:05:29'),
(121, '2023-05-23', 1, 9, 'Mei', 15000, '2023-05-25 05:06:48', '2023-05-25 05:06:48'),
(122, '2023-05-23', 8, 56, 'Mei', 15000, '2023-05-25 05:07:56', '2023-05-25 05:07:56'),
(123, '2023-05-29', 8, 25, 'Mei', 15000, '2023-05-29 00:32:57', '2023-05-29 00:32:57'),
(124, '2023-05-25', 1, 24, 'Mei', 15000, '2023-05-29 00:34:16', '2023-05-29 00:34:16'),
(125, '2023-05-29', 1, 13, 'Mei', 15000, '2023-05-29 00:46:10', '2023-05-29 00:46:10'),
(126, '2023-05-29', 1, 35, 'Mei', 15000, '2023-05-29 00:46:28', '2023-05-29 00:46:28'),
(127, '2023-05-12', 1, 38, 'Mei', 15000, '2023-05-29 00:58:22', '2023-05-29 00:58:22'),
(128, '2023-05-29', 1, 43, 'Mei', 15000, '2023-05-29 06:49:22', '2023-05-29 06:49:22'),
(129, '2023-05-29', 1, 40, 'Mei', 15000, '2023-05-29 06:54:43', '2023-05-29 06:54:43'),
(130, '2023-05-29', 1, 12, 'Mei', 15000, '2023-05-29 07:00:15', '2023-05-29 07:00:15'),
(131, '2023-05-29', 1, 37, 'Mei', 15000, '2023-05-29 07:00:45', '2023-05-29 07:00:45'),
(132, '2023-05-30', 1, 50, 'Mei', 15000, '2023-05-30 03:38:59', '2023-05-30 03:38:59'),
(133, '2023-05-31', 1, 19, 'Mei', 15000, '2023-05-31 08:30:43', '2023-05-31 08:30:43'),
(134, '2023-05-31', 7, 47, 'Mei', 15000, '2023-05-31 09:21:14', '2023-05-31 09:21:14'),
(135, '2023-06-05', 1, 5, 'Juni', 15000, '2023-06-05 01:56:00', '2023-06-05 01:56:00'),
(136, '2023-06-05', 1, 15, 'Juli', 15000, '2023-06-05 03:52:49', '2023-06-05 03:52:49'),
(137, '2023-06-05', 1, 15, 'Agustus', 15000, '2023-06-05 03:52:49', '2023-06-05 03:52:49'),
(138, '2023-06-05', 1, 15, 'September', 15000, '2023-06-05 03:52:49', '2023-06-05 03:52:49'),
(139, '2023-06-05', 1, 15, 'Oktober', 15000, '2023-06-05 03:52:49', '2023-06-05 03:52:49'),
(140, '2023-06-05', 1, 15, 'November', 15000, '2023-06-05 03:52:49', '2023-06-05 03:52:49'),
(141, '2023-06-05', 8, 26, 'Juni', 15000, '2023-06-05 08:29:31', '2023-06-05 08:29:31'),
(142, '2023-06-05', 8, 48, 'Juni', 15000, '2023-06-05 08:29:48', '2023-06-05 08:29:48'),
(143, '2023-06-10', 8, 42, 'Juli', 15000, '2023-06-10 09:15:44', '2023-06-10 09:16:33'),
(144, '2023-06-10', 8, 19, 'Juni', 15000, '2023-06-10 09:17:34', '2023-06-10 09:17:34'),
(145, '2023-06-10', 1, 6, 'Juni', 15000, '2023-06-11 05:05:34', '2023-06-11 05:05:34'),
(146, '2023-06-12', 1, 6, 'Juli', 15000, '2023-06-12 01:17:09', '2023-06-12 01:17:09'),
(147, '2023-06-12', 1, 6, 'Agustus', 15000, '2023-06-12 01:17:09', '2023-06-12 01:17:09'),
(148, '2023-06-12', 1, 17, 'Juni', 15000, '2023-06-12 02:07:27', '2023-06-12 02:07:27'),
(149, '2023-06-12', 1, 4, 'Juni', 15000, '2023-06-12 02:09:21', '2023-06-12 02:09:21'),
(150, '2023-06-13', 8, 10, 'Juni', 15000, '2023-06-13 10:13:43', '2023-06-13 10:13:43'),
(151, '2023-06-13', 8, 37, 'Juni', 15000, '2023-06-13 10:14:01', '2023-06-13 10:14:01'),
(152, '2023-06-13', 8, 2, 'Juni', 15000, '2023-06-13 10:38:14', '2023-06-13 10:38:14'),
(153, '2023-06-13', 8, 29, 'Juni', 15000, '2023-06-13 10:38:35', '2023-06-13 10:38:35'),
(154, '2023-06-15', 1, 3, 'Juni', 15000, '2023-06-15 14:45:00', '2023-06-15 14:45:00'),
(155, '2023-06-14', 7, 47, 'Juni', 15000, '2023-06-15 15:11:10', '2023-06-15 15:11:10'),
(156, '2023-06-19', 1, 43, 'Juni', 15000, '2023-06-18 23:25:31', '2023-06-18 23:25:31'),
(157, '2023-06-19', 1, 31, 'Juni', 15000, '2023-06-18 23:38:41', '2023-06-18 23:38:41'),
(158, '2023-06-20', 1, 32, 'Juni', 15000, '2023-06-20 04:04:21', '2023-06-20 04:04:21'),
(159, '2023-06-23', 1, 52, 'Juni', 15000, '2023-06-23 07:03:09', '2023-09-26 11:00:42'),
(160, '2023-06-23', 7, 16, 'Juni', 15000, '2023-06-23 07:03:38', '2023-06-23 07:03:38'),
(161, '2023-06-24', 1, 33, 'Juni', 15000, '2023-06-25 10:45:02', '2023-06-25 10:45:02'),
(162, '2023-06-19', 8, 27, 'Juni', 15000, '2023-06-25 11:07:04', '2023-06-25 11:07:04'),
(163, '2023-06-20', 8, 28, 'Juni', 15000, '2023-06-25 11:07:39', '2023-06-25 11:07:39'),
(164, '2023-06-26', 1, 30, 'Juni', 15000, '2023-06-26 02:41:19', '2023-06-26 02:41:19'),
(165, '2023-06-26', 1, 30, 'Juli', 15000, '2023-06-26 02:41:19', '2023-06-26 02:41:19'),
(166, '2023-06-26', 1, 23, 'Juni', 15000, '2023-06-26 02:42:58', '2023-06-26 02:42:58'),
(167, '2023-06-26', 1, 23, 'Juli', 15000, '2023-06-26 02:42:58', '2023-06-26 02:42:58'),
(168, '2023-06-26', 1, 23, 'Agustus', 15000, '2023-06-26 02:42:58', '2023-06-26 02:42:58'),
(169, '2023-06-26', 1, 23, 'September', 15000, '2023-06-26 02:42:58', '2023-06-26 02:42:58'),
(170, '2023-06-26', 1, 23, 'Oktober', 17000, '2023-06-26 02:42:58', '2023-10-21 03:02:45'),
(171, '2023-06-26', 1, 23, 'November', 15000, '2023-06-26 02:42:58', '2023-06-26 02:42:58'),
(172, '2023-06-26', 1, 39, 'Juni', 15000, '2023-06-26 02:43:20', '2023-06-26 02:43:20'),
(173, '2023-06-26', 1, 3, 'Juli', 15000, '2023-06-26 02:45:18', '2023-06-26 02:45:18'),
(174, '2023-06-26', 1, 3, 'Agustus', 15000, '2023-06-26 02:45:18', '2023-06-26 02:45:18'),
(176, '2023-06-21', 8, 13, 'Juni', 15000, '2023-06-27 23:29:57', '2023-06-27 23:29:57'),
(177, '2023-06-27', 8, 56, 'Juni', 15000, '2023-06-27 23:30:27', '2023-06-27 23:30:27'),
(178, '2023-06-21', 8, 54, 'Juni', 15000, '2023-06-27 23:30:45', '2023-06-27 23:30:45'),
(179, '2023-06-28', 8, 7, 'Juni', 15000, '2023-06-27 23:31:05', '2023-06-27 23:31:05'),
(180, '2023-06-18', 1, 55, 'Juni', 15000, '2023-06-27 23:32:27', '2023-06-27 23:32:27'),
(181, '2023-06-28', 7, 50, 'Juni', 15000, '2023-06-28 06:21:51', '2023-06-28 06:21:51'),
(182, '2023-06-28', 1, 44, 'Juni', 15000, '2023-06-28 06:23:57', '2023-06-28 06:23:57'),
(183, '2023-06-28', 1, 36, 'Juni', 15000, '2023-06-28 10:14:38', '2023-06-28 10:14:38'),
(184, '2023-06-28', 8, 8, 'Juni', 15000, '2023-06-28 10:14:52', '2023-06-28 10:14:52'),
(185, '2023-06-28', 1, 45, 'Juni', 15000, '2023-06-28 10:15:36', '2023-06-28 10:15:36'),
(186, '2023-06-28', 8, 20, 'Juni', 15000, '2023-06-28 10:16:25', '2023-06-28 10:16:25'),
(187, '2023-06-28', 1, 35, 'Juni', 15000, '2023-06-28 10:17:05', '2023-06-28 10:17:05'),
(188, '2023-06-28', 1, 53, 'Juni', 15000, '2023-06-28 10:17:52', '2023-06-28 10:17:52'),
(189, '2023-06-28', 1, 53, 'Juli', 15000, '2023-06-28 10:17:52', '2023-06-28 10:17:52'),
(190, '2023-06-29', 1, 21, 'Juni', 15000, '2023-06-30 00:49:46', '2023-06-30 00:51:05'),
(191, '2023-06-29', 1, 21, 'Juli', 15000, '2023-06-30 00:49:46', '2023-06-30 00:51:16'),
(192, '2023-06-29', 1, 9, 'Juni', 15000, '2023-06-30 00:50:07', '2023-06-30 00:50:07'),
(193, '2023-06-28', 1, 12, 'Juni', 15000, '2023-06-30 00:50:30', '2023-06-30 00:50:30'),
(194, '2023-06-30', 8, 38, 'Juni', 15000, '2023-06-30 05:18:22', '2023-07-14 16:45:59'),
(195, '2023-06-30', 1, 40, 'Juni', 15000, '2023-06-30 05:18:38', '2023-06-30 05:18:38'),
(196, '2023-06-30', 1, 46, 'Juni', 15000, '2023-06-30 05:18:59', '2023-06-30 05:18:59'),
(198, '2023-06-30', 1, 25, 'Juni', 15000, '2023-06-30 05:24:47', '2023-06-30 05:24:47'),
(199, '2023-06-30', 1, 22, 'Juni', 15000, '2023-07-03 06:51:02', '2023-07-03 06:51:02'),
(201, '2023-07-03', 1, 41, 'Juli', 15000, '2023-07-03 06:52:34', '2023-07-03 06:52:34'),
(202, '2023-07-03', 1, 41, 'Agustus', 15000, '2023-07-03 06:52:34', '2023-07-03 06:52:34'),
(203, '2023-07-03', 1, 41, 'September', 15000, '2023-07-03 06:52:34', '2023-07-03 06:52:34'),
(204, '2023-07-03', 1, 19, 'Juli', 15000, '2023-07-03 06:55:24', '2023-07-03 06:55:24'),
(205, '2023-07-03', 8, 8, 'Juli', 15000, '2023-07-03 11:26:51', '2023-07-03 11:26:51'),
(206, '2023-07-03', 8, 51, 'Juni', 15000, '2023-07-03 11:27:56', '2023-07-03 11:27:56'),
(207, '2023-07-03', 1, 33, 'Juli', 15000, '2023-07-03 18:30:14', '2023-07-03 18:30:14'),
(208, '2023-07-05', 1, 32, 'Juli', 15000, '2023-07-05 02:52:58', '2023-07-05 02:52:58'),
(209, '2023-07-04', 8, 38, 'Juli', 15000, '2023-07-10 09:53:02', '2023-07-10 09:57:33'),
(210, '2023-07-05', 8, 45, 'Juli', 15000, '2023-07-10 09:53:32', '2023-07-10 09:53:32'),
(211, '2023-07-10', 1, 43, 'Juli', 15000, '2023-07-13 00:37:57', '2023-07-13 00:37:57'),
(212, '2023-07-10', 1, 49, 'Juli', 15000, '2023-07-13 00:38:34', '2023-07-13 00:38:34'),
(213, '2023-07-10', 1, 49, 'Agustus', 15000, '2023-07-13 00:38:34', '2023-07-13 00:38:34'),
(214, '2023-07-11', 1, 5, 'Juli', 15000, '2023-07-13 00:40:55', '2023-07-13 00:40:55'),
(215, '2023-07-11', 1, 5, 'Agustus', 15000, '2023-07-13 00:40:55', '2023-07-13 00:40:55'),
(216, '2023-07-11', 1, 5, 'September', 15000, '2023-07-13 00:40:55', '2023-07-13 00:40:55'),
(217, '2023-07-10', 1, 10, 'Juli', 15000, '2023-07-13 00:42:13', '2023-07-13 00:42:13'),
(218, '2023-07-10', 1, 10, 'Agustus', 15000, '2023-07-13 00:42:13', '2023-07-13 00:42:13'),
(219, '2023-07-09', 1, 2, 'Juli', 15000, '2023-07-13 00:42:51', '2023-07-13 00:42:51'),
(220, '2023-07-14', 1, 24, 'Juni', 15000, '2023-07-14 14:15:38', '2023-07-14 14:15:38'),
(221, '2023-07-22', 1, 4, 'Juli', 15000, '2023-07-22 07:26:25', '2023-07-22 07:26:25'),
(222, '2023-07-26', 1, 55, 'Juli', 15000, '2023-07-26 10:38:08', '2023-07-26 10:38:08'),
(223, '2023-07-25', 1, 29, 'Juli', 15000, '2023-07-26 10:39:49', '2023-09-26 10:58:50'),
(224, '2023-07-19', 1, 17, 'Juli', 15000, '2023-07-26 10:40:30', '2023-07-26 10:40:30'),
(225, '2023-07-24', 1, 36, 'Juli', 15000, '2023-07-26 10:41:18', '2023-07-26 10:41:18'),
(226, '2023-07-22', 1, 31, 'Juli', 15000, '2023-07-26 10:42:08', '2023-07-26 10:42:08'),
(227, '2023-07-19', 1, 27, 'Juli', 15000, '2023-07-26 10:46:07', '2023-07-26 10:46:07'),
(228, '2023-07-19', 1, 27, 'Agustus', 15000, '2023-07-26 10:46:07', '2023-07-26 10:46:07'),
(229, '2023-07-26', 8, 7, 'Juli', 15000, '2023-07-26 10:46:26', '2023-07-26 10:46:26'),
(230, '2023-07-26', 1, 39, 'Juli', 15000, '2023-07-26 11:26:22', '2023-07-26 11:26:22'),
(231, '2023-07-26', 1, 44, 'Juli', 15000, '2023-07-26 11:26:48', '2023-07-26 11:26:48'),
(232, '2023-07-26', 1, 35, 'Juli', 15000, '2023-07-26 11:53:42', '2023-07-26 11:53:42'),
(233, '2023-07-26', 1, 48, 'Juli', 15000, '2023-07-26 11:54:07', '2023-07-26 11:54:07'),
(234, '2023-07-26', 1, 26, 'Juli', 15000, '2023-07-26 11:56:41', '2023-07-26 11:56:41'),
(235, '2023-07-26', 1, 40, 'Juli', 15000, '2023-07-26 14:41:32', '2023-07-26 14:41:32'),
(236, '2023-07-26', 1, 46, 'Juli', 15000, '2023-07-26 14:41:52', '2023-07-26 14:41:52'),
(237, '2023-07-30', 1, 16, 'Juli', 15000, '2023-07-31 10:57:33', '2023-07-31 10:57:33'),
(238, '2023-07-30', 1, 18, 'Juli', 15000, '2023-07-31 10:58:32', '2023-07-31 10:58:32'),
(239, '2023-07-30', 1, 18, 'Agustus', 15000, '2023-07-31 10:58:32', '2023-07-31 10:58:32'),
(240, '2023-07-30', 1, 18, 'September', 15000, '2023-07-31 10:58:32', '2023-07-31 10:58:32'),
(241, '2023-07-30', 1, 18, 'Oktober', 15000, '2023-07-31 10:58:32', '2023-07-31 10:58:32'),
(242, '2023-07-30', 1, 20, 'Juli', 15000, '2023-07-31 10:58:47', '2023-07-31 10:58:47'),
(243, '2023-07-30', 1, 22, 'Juli', 15000, '2023-07-31 10:59:49', '2023-07-31 10:59:49'),
(244, '2023-07-30', 1, 22, 'Agustus', 15000, '2023-07-31 10:59:49', '2023-07-31 10:59:49'),
(245, '2023-07-30', 1, 9, 'Juli', 15000, '2023-07-31 11:01:00', '2023-07-31 11:01:00'),
(246, '2023-07-30', 1, 13, 'Juli', 15000, '2023-07-31 11:02:53', '2023-07-31 11:02:53'),
(247, '2023-07-30', 1, 50, 'Juli', 15000, '2023-07-31 11:03:08', '2023-07-31 11:03:08'),
(248, '2023-07-29', 1, 52, 'Juli', 15000, '2023-07-31 11:04:09', '2023-08-15 14:47:36'),
(249, '2023-07-31', 8, 51, 'Juli', 15000, '2023-07-31 11:04:28', '2023-07-31 11:04:28'),
(250, '2023-07-30', 1, 54, 'Juli', 15000, '2023-07-31 11:05:02', '2023-07-31 11:05:02'),
(251, '2023-07-30', 1, 37, 'Juli', 15000, '2023-07-31 11:06:06', '2023-07-31 11:06:06'),
(252, '2023-07-27', 1, 28, 'Juli', 15000, '2023-07-31 11:30:14', '2023-07-31 11:30:14'),
(253, '2023-07-31', 1, 56, 'Juli', 15000, '2023-07-31 11:32:38', '2023-07-31 11:32:38'),
(254, '2023-07-31', 1, 11, 'Juli', 15000, '2023-07-31 11:32:58', '2023-07-31 11:32:58'),
(255, '2023-07-31', 1, 12, 'Juli', 15000, '2023-07-31 11:33:22', '2023-07-31 11:33:22'),
(256, '2023-07-31', 1, 14, 'Juli', 15000, '2023-07-31 11:33:51', '2023-07-31 11:33:51'),
(257, '2023-07-31', 1, 47, 'Juli', 15000, '2023-07-31 11:34:16', '2023-07-31 11:34:16'),
(258, '2023-08-13', 7, 37, 'Agustus', 15000, '2023-08-13 07:28:07', '2023-08-13 07:28:07'),
(259, '2023-08-15', 7, 21, 'Agustus', 15000, '2023-08-15 13:48:56', '2023-08-15 13:48:56'),
(260, '2023-08-15', 1, 44, 'Agustus', 15000, '2023-08-15 13:49:23', '2023-08-15 13:49:23'),
(261, '2023-08-15', 1, 32, 'Agustus', 15000, '2023-08-15 13:49:45', '2023-08-15 13:49:45'),
(262, '2023-08-15', 1, 33, 'Agustus', 15000, '2023-08-15 13:50:35', '2023-09-26 10:51:41'),
(263, '2023-08-15', 1, 33, 'September', 15000, '2023-08-15 13:50:35', '2023-09-26 10:51:34'),
(264, '2023-08-15', 1, 4, 'Agustus', 15000, '2023-08-15 13:53:58', '2023-08-15 13:53:58'),
(265, '2023-08-15', 1, 4, 'September', 15000, '2023-08-15 13:53:58', '2023-08-15 13:53:58'),
(266, '2023-08-15', 1, 4, 'Oktober', 15000, '2023-08-15 13:53:58', '2023-08-15 13:53:58'),
(267, '2023-08-15', 1, 4, 'November', 15000, '2023-08-15 13:53:58', '2023-08-15 13:53:58'),
(268, '2023-07-31', 1, 25, 'Juli', 15000, '2023-08-15 14:20:14', '2023-08-15 14:20:14'),
(269, '2023-08-14', 1, 24, 'Juli', 15000, '2023-08-15 14:20:48', '2023-08-15 14:20:48'),
(270, '2023-08-14', 1, 54, 'Agustus', 15000, '2023-08-15 14:21:15', '2023-08-15 14:21:15'),
(271, '2023-08-19', 8, 8, 'Agustus', 15000, '2023-08-19 05:02:26', '2023-08-19 05:02:26'),
(272, '2023-08-20', 1, 43, 'Agustus', 15000, '2023-08-21 00:58:25', '2023-08-21 00:58:25'),
(273, '2023-07-30', 1, 16, 'Agustus', 15000, '2023-08-21 00:58:58', '2023-08-21 00:58:58'),
(274, '2023-08-18', 1, 17, 'Agustus', 15000, '2023-08-21 01:01:01', '2023-08-21 01:01:01'),
(275, '2023-08-16', 1, 31, 'Agustus', 15000, '2023-08-21 01:04:01', '2023-08-21 01:04:01'),
(277, '2023-08-21', 1, 31, 'September', 15000, '2023-08-21 01:06:12', '2023-08-21 01:06:12'),
(278, '2023-08-26', 7, 40, 'Agustus', 15000, '2023-08-21 01:14:28', '2023-08-21 01:14:28'),
(279, '2023-08-19', 8, 38, 'Agustus', 15000, '2023-08-21 01:19:32', '2023-08-21 01:19:32'),
(280, '2023-08-21', 1, 28, 'Agustus', 15000, '2023-08-21 01:23:21', '2023-08-21 01:23:21'),
(281, '2023-08-21', 8, 45, 'Agustus', 15000, '2023-08-21 08:56:16', '2023-08-21 08:56:16'),
(282, '2023-08-21', 1, 41, 'Oktober', 15000, '2023-08-21 08:57:42', '2023-08-21 08:57:42'),
(283, '2023-08-21', 1, 41, 'November', 15000, '2023-08-21 08:57:42', '2023-08-21 08:57:42'),
(284, '2023-08-26', 8, 18, 'November', 15000, '2023-08-21 08:58:35', '2023-08-21 08:58:35'),
(285, '2023-08-24', 8, 6, 'September', 15000, '2023-08-24 09:53:27', '2023-08-24 09:53:27'),
(286, '2023-08-24', 8, 6, 'Oktober', 15000, '2023-08-24 09:53:27', '2023-08-24 09:53:27'),
(287, '2023-08-26', 7, 2, 'Agustus', 15000, '2023-08-28 02:58:27', '2023-08-28 02:58:27'),
(288, '2023-08-27', 1, 30, 'Agustus', 15000, '2023-08-28 03:01:12', '2023-08-28 03:01:12'),
(289, '2023-08-27', 1, 30, 'September', 15000, '2023-08-28 03:01:12', '2023-08-28 03:01:12'),
(290, '2023-08-28', 8, 7, 'Agustus', 15000, '2023-08-28 03:01:55', '2023-08-28 03:01:55'),
(291, '2023-08-28', 8, 39, 'Agustus', 15000, '2023-08-29 06:01:53', '2023-08-29 06:01:53'),
(292, '2023-08-29', 1, 35, 'Agustus', 15000, '2023-08-29 06:02:16', '2023-08-29 06:02:16'),
(293, '2023-08-29', 1, 9, 'Agustus', 15000, '2023-08-29 06:02:32', '2023-08-29 06:02:32'),
(294, '2023-08-29', 1, 12, 'Agustus', 15000, '2023-08-29 06:02:48', '2023-08-29 06:02:48'),
(295, '2023-07-31', 1, 11, 'Agustus', 15000, '2023-08-29 06:07:53', '2023-08-29 06:07:53'),
(296, '2023-09-12', 1, 46, 'Agustus', 15000, '2023-08-29 14:37:05', '2023-09-24 16:18:26'),
(297, '2023-08-30', 1, 29, 'Agustus', 15000, '2023-08-30 05:27:03', '2023-09-26 11:00:00'),
(298, '2023-09-12', 1, 50, 'Agustus', 15000, '2023-08-31 00:41:59', '2023-09-24 16:16:48'),
(299, '2023-08-31', 1, 53, 'Agustus', 15000, '2023-08-31 07:25:11', '2023-08-31 07:25:11'),
(300, '2023-08-31', 1, 53, 'September', 15000, '2023-08-31 07:25:11', '2023-08-31 07:25:11'),
(301, '2023-08-31', 1, 53, 'Oktober', 15000, '2023-08-31 07:25:11', '2023-08-31 07:25:11'),
(302, '2023-08-31', 1, 53, 'November', 15000, '2023-08-31 07:25:11', '2023-08-31 07:25:11'),
(303, '2023-08-30', 1, 47, 'Agustus', 15000, '2023-08-31 07:25:55', '2023-08-31 07:25:55'),
(304, '2023-08-30', 8, 52, 'Agustus', 15000, '2023-08-31 07:26:17', '2023-08-31 07:26:17'),
(305, '2023-08-30', 8, 55, 'Agustus', 15000, '2023-08-31 07:26:43', '2023-08-31 07:26:43'),
(306, '2023-08-30', 8, 55, 'September', 15000, '2023-08-31 07:26:44', '2023-08-31 07:26:44'),
(307, '2023-08-30', 8, 55, 'Oktober', 15000, '2023-08-31 07:26:44', '2023-08-31 07:26:44'),
(309, '2023-08-30', 8, 19, 'Agustus', 15000, '2023-08-31 07:27:55', '2023-08-31 07:27:55'),
(310, '2023-08-30', 1, 20, 'Agustus', 15000, '2023-08-31 07:28:34', '2023-08-31 07:28:34'),
(311, '2023-08-30', 1, 26, 'Agustus', 15000, '2023-08-31 07:28:57', '2023-08-31 07:28:57'),
(312, '2023-08-31', 1, 13, 'Agustus', 15000, '2023-08-31 07:30:00', '2023-08-31 07:30:00'),
(313, '2023-08-31', 1, 13, 'September', 15000, '2023-08-31 07:30:00', '2023-08-31 07:30:00'),
(314, '2023-08-30', 8, 51, 'Agustus', 15000, '2023-08-31 07:30:26', '2023-08-31 07:30:26'),
(315, '2023-08-31', 8, 56, 'Agustus', 15000, '2023-08-31 07:30:50', '2023-08-31 07:30:50'),
(316, '2023-08-31', 1, 25, 'Agustus', 15000, '2023-08-31 07:51:57', '2023-08-31 07:51:57'),
(317, '2023-08-31', 8, 42, 'Agustus', 15000, '2023-08-31 07:52:22', '2023-08-31 07:52:22'),
(318, '2023-08-31', 8, 36, 'Agustus', 15000, '2023-08-31 07:52:53', '2023-08-31 07:52:53'),
(319, '2023-09-01', 1, 14, 'Agustus', 15000, '2023-09-05 04:08:36', '2023-09-05 04:08:36'),
(320, '2023-09-05', 1, 43, 'September', 15000, '2023-09-07 06:41:32', '2023-09-07 06:41:32'),
(321, '2023-09-06', 8, 54, 'September', 15000, '2023-09-07 06:41:55', '2023-09-07 06:41:55'),
(322, '2023-09-07', 1, 17, 'September', 15000, '2023-09-10 12:59:30', '2023-09-10 12:59:30'),
(323, '2023-09-11', 1, 40, 'September', 15000, '2023-09-12 00:22:28', '2023-09-12 00:22:28'),
(324, '2023-09-12', 8, 9, 'September', 15000, '2023-09-14 06:07:27', '2023-09-14 06:07:27'),
(325, '2023-09-12', 8, 10, 'September', 15000, '2023-09-14 06:07:48', '2023-09-14 06:07:48'),
(326, '2023-09-12', 8, 48, 'Agustus', 15000, '2023-09-14 06:08:25', '2023-09-14 06:08:25'),
(327, '2023-09-12', 8, 48, 'September', 15000, '2023-09-14 06:08:25', '2023-09-14 06:08:25'),
(328, '2023-09-12', 1, 32, 'September', 15000, '2023-09-14 06:09:58', '2023-09-14 06:09:58'),
(329, '2023-09-06', 1, 2, 'September', 15000, '2023-09-14 06:56:42', '2023-09-14 06:56:42'),
(330, '2023-09-17', 1, 24, 'Agustus', 15000, '2023-09-20 01:57:49', '2023-09-20 01:57:49'),
(331, '2023-09-17', 1, 24, 'September', 15000, '2023-09-20 01:57:49', '2023-09-20 01:57:49'),
(332, '2023-09-17', 1, 24, 'Oktober', 17000, '2023-09-20 01:57:49', '2023-12-14 14:13:34'),
(333, '2023-09-17', 1, 24, 'November', 15000, '2023-09-20 01:57:49', '2023-09-20 01:57:49'),
(334, '2023-09-22', 1, 28, 'September', 15000, '2023-09-24 16:35:00', '2023-09-24 16:35:00'),
(335, '2023-09-25', 8, 7, 'September', 15000, '2023-09-25 01:19:47', '2023-09-25 01:19:47'),
(336, '2023-09-25', 8, 20, 'September', 15000, '2023-09-25 02:08:43', '2023-09-25 02:08:43'),
(338, '2023-09-25', 7, 52, 'September', 15000, '2023-09-25 02:56:42', '2023-09-25 02:56:42'),
(339, '2023-09-25', 8, 11, 'September', 15000, '2023-09-27 03:05:41', '2023-09-27 03:05:41'),
(340, '2023-09-25', 8, 22, 'September', 15000, '2023-09-27 03:06:02', '2023-09-27 03:06:02'),
(341, '2023-09-25', 8, 22, 'Oktober', 17000, '2023-09-27 03:06:02', '2023-10-23 03:47:15'),
(342, '2023-09-27', 8, 36, 'September', 15000, '2023-09-27 08:18:55', '2023-09-27 08:18:55'),
(343, '2023-09-27', 7, 16, 'September', 15000, '2023-09-27 13:50:35', '2023-09-27 13:50:35'),
(344, '2023-09-27', 1, 27, 'September', 15000, '2023-09-27 13:51:09', '2023-09-27 13:51:09'),
(345, '2023-09-28', 1, 46, 'September', 15000, '2023-09-28 14:19:28', '2023-09-28 14:19:28'),
(346, '2023-09-27', 1, 3, 'September', 15000, '2023-09-28 14:20:25', '2023-09-28 14:20:25'),
(347, '2023-09-27', 1, 3, 'Oktober', 15000, '2023-09-28 14:20:25', '2023-09-28 14:20:42'),
(348, '2023-09-28', 1, 26, 'September', 15000, '2023-09-28 14:21:37', '2023-09-28 14:21:37'),
(349, '2023-09-25', 8, 45, 'September', 15000, '2023-09-29 01:06:16', '2023-09-29 01:06:16'),
(350, '2023-10-19', 1, 39, 'September', 15000, '2023-09-29 01:07:33', '2023-10-19 00:52:45'),
(351, '2023-09-13', 8, 38, 'September', 15000, '2023-09-29 01:11:54', '2023-09-29 01:11:54'),
(352, '2023-09-28', 1, 29, 'September', 15000, '2023-09-29 01:28:45', '2023-09-29 01:28:56'),
(353, '2023-09-28', 7, 37, 'September', 15000, '2023-09-29 01:29:15', '2023-09-29 01:29:15'),
(354, '2023-09-16', 7, 21, 'September', 15000, '2023-09-29 01:38:58', '2023-09-29 01:38:58'),
(355, '2023-09-29', 1, 8, 'September', 15000, '2023-09-29 01:40:03', '2023-09-29 01:40:03'),
(357, '2023-09-29', 8, 56, 'September', 15000, '2023-09-29 01:51:56', '2023-09-29 01:51:56'),
(358, '2023-09-29', 8, 42, 'September', 15000, '2023-09-29 06:33:20', '2023-09-29 06:33:20'),
(359, '2023-09-29', 8, 42, 'Oktober', 15000, '2023-09-29 06:33:20', '2023-09-29 06:33:20'),
(360, '2023-09-29', 8, 42, 'November', 15000, '2023-09-29 06:33:20', '2023-09-29 06:33:20'),
(361, '2023-09-29', 1, 35, 'September', 15000, '2023-09-29 08:21:41', '2023-09-29 08:21:41'),
(362, '2023-09-29', 8, 50, 'September', 15000, '2023-09-29 08:53:14', '2023-09-29 08:53:14'),
(364, '2023-09-29', 8, 51, 'September', 15000, '2023-09-29 08:55:36', '2023-09-29 08:55:36'),
(365, '2023-09-30', 8, 19, 'September', 15000, '2023-09-30 06:47:14', '2023-09-30 06:47:14'),
(366, '2023-09-29', 1, 12, 'September', 15000, '2023-09-30 06:47:56', '2023-09-30 06:47:56'),
(367, '2023-10-09', 7, 21, 'Oktober', 17000, '2023-10-09 01:35:59', '2023-12-14 14:13:05'),
(368, '2023-09-30', 1, 14, 'September', 15000, '2023-10-09 01:50:11', '2023-10-09 01:50:11'),
(369, '2023-10-01', 8, 25, 'September', 15000, '2023-10-09 01:50:39', '2023-10-09 01:50:39'),
(370, '2023-09-14', 8, 55, 'November', 15000, '2023-10-09 01:52:25', '2023-10-09 01:52:25'),
(371, '2023-10-09', 1, 17, 'Oktober', 15000, '2023-10-09 02:34:26', '2023-10-09 02:34:26'),
(372, '2023-10-09', 1, 30, 'Oktober', 15000, '2023-10-18 09:58:09', '2023-10-18 09:58:09'),
(373, '2023-10-09', 1, 30, 'November', 15000, '2023-10-18 09:58:09', '2023-10-18 09:58:09'),
(374, '2023-10-18', 1, 52, 'Oktober', 15000, '2023-10-18 10:00:21', '2023-10-18 10:00:21'),
(376, '2023-10-11', 1, 32, 'Oktober', 15000, '2023-10-18 10:03:01', '2023-10-18 10:03:01'),
(377, '2023-10-11', 1, 44, 'Oktober', 15000, '2023-10-18 10:03:47', '2023-10-18 10:03:47'),
(378, '2023-10-11', 1, 44, 'November', 15000, '2023-10-18 10:03:47', '2023-10-18 10:03:47'),
(379, '2023-10-11', 1, 54, 'Oktober', 15000, '2023-10-18 10:04:20', '2023-10-18 10:04:20'),
(380, '2023-09-30', 1, 44, 'September', 15000, '2023-10-18 10:49:25', '2023-10-18 10:49:25'),
(381, '2023-09-29', 1, 47, 'September', 15000, '2023-10-18 10:49:56', '2023-10-18 10:49:56'),
(382, '2023-10-02', 1, 49, 'September', 15000, '2023-10-19 00:48:39', '2023-10-19 00:48:39'),
(383, '2023-10-02', 1, 49, 'Oktober', 15000, '2023-10-19 00:48:39', '2023-10-19 00:48:39'),
(384, '2023-10-19', 8, 37, 'Oktober', 15000, '2023-10-23 03:47:53', '2023-10-23 03:47:53'),
(386, '2023-10-23', 1, 31, 'Oktober', 15000, '2023-10-23 03:51:31', '2023-10-23 03:51:31'),
(387, '2023-10-23', 1, 31, 'November', 15000, '2023-10-23 03:51:31', '2023-10-23 03:51:31'),
(388, '2023-10-25', 1, 29, 'Oktober', 15000, '2023-10-26 01:01:56', '2023-10-26 01:01:56'),
(389, '2023-10-27', 8, 38, 'Oktober', 15000, '2023-10-27 01:47:56', '2023-10-27 01:47:56'),
(390, '2023-10-27', 8, 10, 'Oktober', 15000, '2023-10-27 01:48:11', '2023-10-27 01:48:11'),
(391, '2023-10-27', 1, 26, 'Oktober', 17000, '2023-10-27 01:48:47', '2023-10-27 01:48:47'),
(392, '2023-10-27', 8, 7, 'Oktober', 15000, '2023-10-27 01:49:09', '2023-10-27 01:49:09'),
(393, '2023-10-27', 1, 5, 'Oktober', 15000, '2023-10-27 01:50:42', '2023-10-27 01:50:42'),
(394, '2023-10-27', 8, 27, 'Oktober', 17000, '2023-10-27 01:53:07', '2023-10-27 01:53:07'),
(395, '2023-10-20', 1, 28, 'Oktober', 17000, '2023-10-27 01:54:13', '2023-10-27 01:54:13'),
(396, '2023-10-11', 8, 43, 'Oktober', 15000, '2023-10-27 02:07:59', '2023-10-27 02:07:59'),
(397, '2023-10-23', 1, 46, 'Oktober', 15000, '2023-10-27 02:09:22', '2023-10-27 02:09:22'),
(398, '2023-10-21', 1, 47, 'Oktober', 15000, '2023-10-27 02:11:29', '2023-10-27 02:11:29'),
(399, '2023-10-27', 7, 16, 'Oktober', 15000, '2023-10-27 03:07:23', '2023-10-27 03:07:23'),
(400, '2023-10-31', 1, 14, 'Oktober', 15000, '2023-10-31 08:41:11', '2023-10-31 08:41:11'),
(401, '2023-10-31', 1, 14, 'November', 17000, '2023-10-31 08:41:11', '2023-12-14 14:14:17'),
(402, '2023-10-30', 1, 45, 'Oktober', 15000, '2023-10-31 08:41:52', '2023-10-31 08:41:52'),
(403, '2023-10-30', 1, 12, 'Oktober', 15000, '2023-10-31 08:42:53', '2023-10-31 08:42:53'),
(404, '2023-10-30', 1, 36, 'Oktober', 15000, '2023-10-31 08:43:47', '2023-10-31 08:43:47'),
(405, '2023-10-27', 1, 6, 'November', 15000, '2023-10-31 08:44:24', '2023-10-31 08:44:24'),
(406, '2023-10-30', 1, 9, 'Oktober', 15000, '2023-10-31 08:45:10', '2023-10-31 08:45:10'),
(407, '2023-10-22', 1, 2, 'Oktober', 15000, '2023-10-31 08:46:27', '2023-10-31 08:46:27'),
(408, '2023-10-30', 8, 39, 'Oktober', 15000, '2023-10-31 08:47:07', '2023-10-31 08:47:07'),
(409, '2023-10-31', 1, 40, 'Oktober', 15000, '2023-10-31 08:47:41', '2023-10-31 08:47:41'),
(410, '2023-10-31', 1, 40, 'November', 15000, '2023-10-31 08:47:41', '2023-10-31 08:47:41'),
(411, '2023-10-27', 7, 33, 'Oktober', 15000, '2023-10-31 08:49:18', '2023-10-31 08:49:18'),
(412, '2023-10-26', 1, 19, 'Oktober', 15000, '2023-11-09 03:38:46', '2023-11-09 03:38:46'),
(413, '2023-10-26', 8, 20, 'Oktober', 15000, '2023-11-09 03:39:05', '2023-11-09 03:39:05'),
(414, '2023-10-30', 8, 25, 'Oktober', 17000, '2023-11-09 03:39:31', '2023-11-09 03:39:31'),
(415, '2023-10-20', 8, 8, 'Oktober', 15000, '2023-11-09 03:39:56', '2023-11-09 03:39:56'),
(416, '2023-10-27', 1, 11, 'Oktober', 15000, '2023-11-09 03:40:42', '2023-11-09 03:40:42'),
(417, '2023-10-27', 1, 11, 'November', 17000, '2023-11-09 03:40:42', '2023-11-30 13:32:55'),
(418, '2023-11-01', 1, 13, 'Oktober', 15000, '2023-11-09 03:41:22', '2023-11-09 03:41:22'),
(419, '2023-10-31', 1, 50, 'Oktober', 15000, '2023-11-09 03:42:14', '2023-11-09 03:42:14'),
(420, '2023-10-30', 8, 51, 'Oktober', 15000, '2023-11-09 03:42:56', '2023-11-09 03:42:56'),
(421, '2023-10-31', 1, 56, 'Oktober', 15000, '2023-11-09 03:43:33', '2023-11-09 03:43:33'),
(422, '2023-10-31', 1, 56, 'November', 15000, '2023-11-09 03:43:33', '2023-11-09 03:43:33'),
(423, '2023-10-31', 1, 35, 'Oktober', 15000, '2023-11-09 03:44:05', '2023-11-09 03:44:05'),
(424, '2023-11-02', 8, 8, 'November', 17000, '2023-11-09 03:45:37', '2023-11-09 03:45:37'),
(425, '2023-11-05', 1, 13, 'November', 17000, '2023-11-09 05:52:02', '2023-11-09 05:52:02'),
(426, '2023-11-14', 7, 21, 'November', 15000, '2023-11-14 03:16:39', '2023-12-14 14:12:57'),
(427, '2023-11-14', 7, 48, 'Oktober', 15000, '2023-11-14 03:18:04', '2023-11-14 03:18:04'),
(428, '2023-11-11', 1, 33, 'November', 15000, '2023-11-14 07:04:48', '2023-11-14 07:04:48'),
(429, '2023-11-14', 1, 54, 'November', 15000, '2023-11-14 07:05:46', '2023-11-14 07:05:46'),
(430, '2023-11-17', 7, 37, 'November', 15000, '2023-11-14 07:06:00', '2023-11-14 07:06:00'),
(431, '2023-11-10', 1, 17, 'November', 15000, '2023-11-17 02:18:35', '2023-11-17 02:18:35'),
(432, '2023-11-02', 1, 32, 'November', 15000, '2023-11-17 02:21:55', '2023-11-17 02:21:55'),
(433, '2023-11-14', 7, 48, 'November', 15000, '2023-11-17 02:28:21', '2023-11-17 02:28:21'),
(434, '2023-11-17', 1, 43, 'November', 15000, '2023-11-17 03:40:40', '2023-11-17 03:40:40'),
(435, '2023-11-18', 8, 45, 'November', 15000, '2023-11-18 05:23:22', '2023-11-18 05:23:22'),
(436, '2023-11-21', 7, 2, 'November', 15000, '2023-11-21 04:34:03', '2023-11-21 04:34:03'),
(437, '2023-11-20', 1, 52, 'November', 15000, '2023-11-21 04:34:32', '2023-11-21 04:34:32'),
(439, '2023-11-24', 1, 28, 'November', 15000, '2023-11-24 11:03:10', '2023-11-24 11:03:10'),
(440, '2023-11-20', 1, 26, 'November', 15000, '2023-11-24 11:36:49', '2023-11-24 11:36:49'),
(441, '2023-11-23', 1, 46, 'November', 15000, '2023-11-26 19:04:54', '2023-11-26 19:04:54'),
(442, '2023-11-29', 1, 29, 'November', 15000, '2023-11-29 06:56:16', '2023-11-29 06:56:16'),
(443, '2023-11-29', 8, 51, 'November', 15000, '2023-11-29 09:31:35', '2023-11-29 09:31:35'),
(444, '2023-11-29', 8, 27, 'November', 15000, '2023-11-29 09:32:08', '2023-11-29 09:32:08'),
(445, '2023-11-29', 8, 38, 'November', 15000, '2023-11-29 09:32:51', '2023-11-29 09:32:51'),
(446, '2023-11-24', 8, 25, 'November', 15000, '2023-11-29 09:33:39', '2023-11-29 09:33:39'),
(447, '2023-11-27', 1, 39, 'November', 15000, '2023-11-29 10:03:57', '2023-11-29 10:03:57'),
(448, '2023-11-29', 8, 7, 'November', 15000, '2023-11-29 10:50:14', '2023-11-29 10:50:14'),
(449, '2023-11-29', 1, 35, 'November', 15000, '2023-11-29 14:07:45', '2023-11-29 14:07:45'),
(450, '2023-11-29', 1, 47, 'November', 15000, '2023-11-29 14:08:21', '2023-11-29 14:08:21'),
(451, '2023-11-30', 8, 3, 'November', 15000, '2023-11-30 13:20:22', '2023-11-30 13:20:22'),
(452, '2023-11-30', 8, 5, 'November', 15000, '2023-11-30 13:20:43', '2023-11-30 13:20:43'),
(453, '2023-11-30', 7, 16, 'November', 15000, '2023-11-30 13:25:42', '2023-11-30 13:25:42'),
(454, '2023-11-30', 1, 19, 'November', 15000, '2023-11-30 13:26:22', '2023-11-30 13:26:22'),
(455, '2023-11-29', 1, 20, 'November', 15000, '2023-11-30 13:26:46', '2023-11-30 13:26:46'),
(456, '2023-11-29', 8, 9, 'November', 17000, '2023-11-30 13:27:55', '2023-11-30 13:27:55'),
(457, '2023-11-30', 1, 10, 'November', 17000, '2023-11-30 13:28:48', '2023-11-30 13:28:48'),
(458, '2023-11-30', 1, 12, 'November', 17000, '2023-11-30 13:29:45', '2023-11-30 13:31:52'),
(459, '2023-11-30', 1, 50, 'November', 15000, '2023-11-30 13:30:13', '2023-11-30 13:30:13'),
(460, '2023-11-30', 8, 49, 'November', 15000, '2023-12-13 12:31:04', '2023-12-13 12:31:04'),
(461, '2023-11-30', 1, 22, 'November', 15000, '2023-12-13 12:31:23', '2023-12-13 12:32:39'),
(462, '2023-11-30', 1, 36, 'November', 15000, '2023-12-13 12:32:13', '2023-12-13 12:32:13');

-- --------------------------------------------------------

--
-- Struktur dari tabel `kreuses`
--

CREATE TABLE `kreuses` (
  `id` bigint(20) UNSIGNED NOT NULL,
  `bulan` int(11) NOT NULL,
  `kategori` varchar(255) NOT NULL,
  `proker` varchar(255) NOT NULL,
  `sumber` varchar(255) DEFAULT NULL,
  `pemasukan` int(11) DEFAULT NULL,
  `pj` varchar(255) DEFAULT NULL,
  `keterangan` varchar(255) DEFAULT NULL,
  `pengeluaran` int(11) DEFAULT NULL,
  `tanggal` date DEFAULT NULL,
  `created_at` timestamp NULL DEFAULT NULL,
  `updated_at` timestamp NULL DEFAULT NULL
) ENGINE=InnoDB DEFAULT CHARSET=utf8mb4 COLLATE=utf8mb4_unicode_ci;

--
-- Dumping data untuk tabel `kreuses`
--

INSERT INTO `kreuses` (`id`, `bulan`, `kategori`, `proker`, `sumber`, `pemasukan`, `pj`, `keterangan`, `pengeluaran`, `tanggal`, `created_at`, `updated_at`) VALUES
(1, 5, 'Pemasukan', 'Jajanan Instan (Jantan)', 'kreus', 132500, 'Muhammad Ifan Sidiq Maulana', NULL, NULL, NULL, '2023-06-10 01:15:42', '2023-08-31 01:59:08'),
(2, 6, 'Pemasukan', 'Jajanan Instan (Jantan)', 'Kreus', 10000, 'Muhammad Ifan Sidiq Maulana', NULL, NULL, NULL, '2023-08-31 02:02:39', '2023-08-31 02:02:39'),
(3, 8, 'Pemasukan', 'Jajanan Instan', 'Kreus', 198000, 'Muhammad Ifan Sidiq Maulana', NULL, NULL, NULL, '2023-08-31 02:08:22', '2023-08-31 02:08:22'),
(4, 5, 'Pengeluaran Kreus', 'Jajanan Instan (Jantan)', NULL, NULL, 'Muhammad Ifan Sidiq Maulana', 'Kreus', 78000, NULL, '2023-08-31 02:09:47', '2023-08-31 02:10:12'),
(5, 6, 'Pengeluaran Kreus', 'Jajanan Instan (Jantan)', NULL, NULL, 'Muhammad Ifan Sidiq Maulana', 'Kreus', 25000, NULL, '2023-08-31 02:11:13', '2023-08-31 02:11:13'),
(6, 8, 'Pengeluaran Kreus', 'Jajanan Instan (Jantan)', NULL, NULL, 'Muhammad Ifan Sidiq Maulana', 'Kreus', 186000, NULL, '2023-08-31 02:12:00', '2023-08-31 02:12:00'),
(7, 9, 'Pemasukan', 'Infinity Wear- Jaket pengurus', 'Kreus', 10360000, 'Sulaiman Alamsyah', NULL, NULL, NULL, '2023-10-26 02:06:24', '2023-11-30 05:33:11'),
(8, 9, 'Pemasukan', 'Infinity Wear - Merchandise', 'Kreus', 496500, 'Solani', NULL, NULL, NULL, '2023-10-26 02:09:22', '2023-12-05 05:01:14'),
(9, 10, 'Pemasukan', 'Sponsorship', 'Kreus', 1150000, 'Syifa Rahmadani Hemi Syafitri', NULL, NULL, NULL, '2023-10-26 02:10:33', '2023-12-23 07:16:01'),
(12, 8, 'Pengeluaran Kreus', 'Infinity Wear - Jaket Pengurus', NULL, NULL, 'Sulaiman Alamsyah', 'Pembayaran lunas jaket pengurus', 8878000, NULL, '2023-10-26 02:22:37', '2023-11-30 05:37:59'),
(13, 9, 'Pemasukan', 'Jajanan Instan (Jantan)', 'Kreus', 142000, 'Muhammad Ifan Sidiq Maulana', NULL, NULL, NULL, '2023-10-26 02:30:38', '2023-10-26 02:30:38'),
(14, 9, 'Pengeluaran Kreus', 'Jajanan Instan (Jantan)', NULL, NULL, 'Muhammad Ifan Sidiq Maulana', 'Modal PO Jantan', 118000, NULL, '2023-10-26 02:33:12', '2023-10-26 02:33:12'),
(16, 5, 'Pemasukan', 'Sponsorship', 'Fakultas', 300000, 'Syifa Rahmadani Hemi Syafitri', NULL, NULL, NULL, '2023-11-30 05:53:28', '2023-11-30 05:53:28'),
(17, 8, 'Pengeluaran Kreus', 'Sponsorship', NULL, NULL, 'Syifa Rahmadani Hemi Syafitri', 'Print Proposal', 300000, NULL, '2023-11-30 05:54:22', '2023-11-30 05:54:22'),
(18, 10, 'Pengeluaran diluar Kreus', 'Informatics Championship', NULL, NULL, NULL, NULL, 125000, '2023-10-23', '2023-11-30 06:04:48', '2023-11-30 06:13:53'),
(19, 11, 'Pengeluaran diluar Kreus', 'Soedirman Technoporia', NULL, NULL, NULL, NULL, 1000000, '2023-11-11', '2023-11-30 06:06:10', '2023-12-23 09:44:37'),
(20, 11, 'Pengeluaran diluar Kreus', 'Lustrum', NULL, NULL, NULL, NULL, 2000000, '2023-11-30', '2023-11-30 06:11:50', '2023-11-30 06:21:28'),
(21, 10, 'Pemasukan', 'Infinity Wear - Jahim 2023', 'Kreus', 18510000, 'Sulaiman Alamsyah', NULL, NULL, NULL, '2023-12-23 07:18:14', '2023-12-23 07:18:14'),
(22, 11, 'Pengeluaran Kreus', 'Infinity Wear', NULL, NULL, 'Sulaiman Alamsyah', 'DP Jahim', 8002500, NULL, '2023-12-23 07:19:04', '2023-12-23 07:19:04'),
(23, 10, 'Pemasukan', 'Infinity Wear - IA', 'Kreus', 2117000, 'Sulaiman Alamsyah', NULL, NULL, NULL, '2023-12-23 07:22:05', '2023-12-23 07:24:04');

-- --------------------------------------------------------

--
-- Struktur dari tabel `migrations`
--

CREATE TABLE `migrations` (
  `id` int(10) UNSIGNED NOT NULL,
  `migration` varchar(255) NOT NULL,
  `batch` int(11) NOT NULL
) ENGINE=InnoDB DEFAULT CHARSET=utf8mb4 COLLATE=utf8mb4_unicode_ci;

--
-- Dumping data untuk tabel `migrations`
--

INSERT INTO `migrations` (`id`, `migration`, `batch`) VALUES
(1, '2019_12_14_000001_create_personal_access_tokens_table', 1),
(2, '2022_07_22_015725_create_kas_table', 1),
(3, '2022_07_22_074634_create_kreus_table', 1),
(4, '2022_07_25_004354_create_danas_table', 1),
(5, '2022_07_25_083307_create_transaksis_table', 1),
(6, '2022_07_26_073348_create_deposit_histories_table', 1),
(7, '2022_07_26_074112_create_deposits_table', 1),
(8, '2022_07_28_010106_create_kas_histories_table', 1),
(9, '2022_07_30_093043_user', 1),
(10, '2023_03_31_062613_create_penguruses_table', 1),
(11, '2023_03_31_145954_create_deposit_payments_table', 1);

-- --------------------------------------------------------

--
-- Struktur dari tabel `penguruses`
--

CREATE TABLE `penguruses` (
  `id` bigint(20) UNSIGNED NOT NULL,
  `nama` varchar(255) NOT NULL,
  `divisi` varchar(50) NOT NULL,
  `created_at` timestamp NULL DEFAULT NULL,
  `updated_at` timestamp NULL DEFAULT NULL
) ENGINE=InnoDB DEFAULT CHARSET=utf8mb4 COLLATE=utf8mb4_unicode_ci;

--
-- Dumping data untuk tabel `penguruses`
--

INSERT INTO `penguruses` (`id`, `nama`, `divisi`, `created_at`, `updated_at`) VALUES
(1, 'Nuansa Syafrie Rahardian', 'BPH', NULL, NULL),
(2, 'Nihayatur Rahmah', 'BPH', NULL, NULL),
(3, 'Athiyya Adzky Khairany', 'BPH', NULL, NULL),
(4, 'Nurul Afifah', 'BPH', NULL, NULL),
(5, 'Eka Belandini', 'BPH', NULL, NULL),
(6, 'Nabilla Tsani Ayasi', 'BPH', NULL, NULL),
(7, 'Melyana Rizky Ramadhani', 'BPH', NULL, NULL),
(8, 'Raihan Caesario Ammar Saputra', 'ILTEK', NULL, NULL),
(9, 'Desvania Tirta Izzati ', 'ILTEK', NULL, NULL),
(10, 'Muthia Khanza', 'ILTEK', NULL, NULL),
(11, 'Ahmad Rian Syaifullah Ritonga', 'ILTEK', NULL, NULL),
(12, 'Rayhan Aghnat ', 'ILTEK', NULL, NULL),
(13, 'Adnan Fito Dharmawan', 'ILTEK', NULL, NULL),
(14, 'Muhammad Sultan Alhakim', 'ILTEK', NULL, NULL),
(15, 'Justicio Caesario', 'EDUKASI', NULL, NULL),
(16, 'Usriyatul Khamimah', 'EDUKASI', NULL, NULL),
(17, 'Stephen Prasetya Chrismawan', 'EDUKASI', NULL, NULL),
(18, 'Nabila Winanda Meirani', 'EDUKASI', NULL, NULL),
(19, 'Achmad Aulia Difiputra', 'EDUKASI', NULL, NULL),
(20, 'Anindya Diva Talitha', 'EDUKASI', NULL, NULL),
(21, 'Alifa Nasywa Retno Agustin', 'HUMAS', NULL, NULL),
(22, 'Sesa Ajeng Maesara', 'HUMAS', NULL, NULL),
(23, 'Yudith Nico Priambodo', 'HUMAS', NULL, NULL),
(24, 'Mochamad Azizan', 'HUMAS', NULL, NULL),
(25, 'Dila Saputra', 'HUMAS', NULL, NULL),
(26, 'Nadhifa Zahra Kurniawan', 'HUMAS', NULL, NULL),
(27, 'Emma Sarkilla ', 'HUMAS', NULL, NULL),
(28, 'Amarramitha Poodja Thantawi', 'HUMAS', NULL, NULL),
(29, 'Nursina Hamdalah', 'MEDKOM', NULL, NULL),
(30, 'Claresta Berthalita Jatmika', 'MEDKOM', NULL, NULL),
(31, 'Muhammad Syaiful Latif', 'MEDKOM', NULL, NULL),
(32, 'Aufa Syaihan Azzahidi', 'MEDKOM', NULL, NULL),
(33, 'Bimo Amandito ', 'MEDKOM', NULL, NULL),
(34, 'Abhirama Rizqi Pratama', 'MEDKOM', NULL, NULL),
(35, 'Muhamad Galih', 'MEDKOM', NULL, NULL),
(36, 'Afiftha Ravi Aufa Yubiharto', 'MEDKOM', NULL, NULL),
(37, 'Randhika Rangga Suryakusuma', 'PSDM', NULL, NULL),
(38, 'Adila Zahira Hasyati', 'PSDM', NULL, NULL),
(39, 'Athifa Nathania', 'PSDM', NULL, NULL),
(40, 'Mohammad Nafiis Septiano', 'PSDM', NULL, NULL),
(41, 'Charinta Candrakanti Dewi', 'PSDM', NULL, NULL),
(42, 'Muhammad Levi Asshidiqi', 'PSDM', NULL, NULL),
(43, 'Muhammad Hanif', 'MIKAT', NULL, NULL),
(44, 'Syifa Rahmadina', 'MIKAT', NULL, NULL),
(45, 'Kintan Kinasih Mahaputri', 'MIKAT', NULL, NULL),
(46, 'Naufal Althafi Handoyo', 'MIKAT', NULL, NULL),
(47, 'Agung Wira Pradhana', 'MIKAT', NULL, NULL),
(48, 'Destian Ardan Alfatanu', 'MIKAT', NULL, NULL),
(49, 'Hamas Izzuddin Fathi', 'MIKAT', NULL, NULL),
(50, 'Devyan Aby Rifa\'i', 'KREUS', NULL, NULL),
(51, 'Mohamad Naufal Azizi', 'KREUS', NULL, NULL),
(52, 'Annisa Raihan Delana', 'KREUS', NULL, NULL),
(53, 'Sulaiman Alamsyah', 'KREUS', NULL, NULL),
(54, 'Muhammad Ifan Sidiq Maulana', 'KREUS', NULL, NULL),
(55, 'Syifa Rahmadani Hemi Syafitri', 'KREUS', NULL, NULL),
(56, 'Solani', 'KREUS', NULL, NULL);

-- --------------------------------------------------------

--
-- Struktur dari tabel `personal_access_tokens`
--

CREATE TABLE `personal_access_tokens` (
  `id` bigint(20) UNSIGNED NOT NULL,
  `tokenable_type` varchar(255) NOT NULL,
  `tokenable_id` bigint(20) UNSIGNED NOT NULL,
  `name` varchar(255) NOT NULL,
  `token` varchar(64) NOT NULL,
  `abilities` text DEFAULT NULL,
  `last_used_at` timestamp NULL DEFAULT NULL,
  `created_at` timestamp NULL DEFAULT NULL,
  `updated_at` timestamp NULL DEFAULT NULL
) ENGINE=InnoDB DEFAULT CHARSET=utf8mb4 COLLATE=utf8mb4_unicode_ci;

-- --------------------------------------------------------

--
-- Struktur dari tabel `transaksis`
--

CREATE TABLE `transaksis` (
  `id` bigint(20) UNSIGNED NOT NULL,
  `dana_id` bigint(20) UNSIGNED NOT NULL,
  `tanggal` date NOT NULL,
  `detail` varchar(255) NOT NULL,
  `keterangan` varchar(255) NOT NULL,
  `nominal` int(11) NOT NULL,
  `created_at` timestamp NULL DEFAULT NULL,
  `updated_at` timestamp NULL DEFAULT NULL
) ENGINE=InnoDB DEFAULT CHARSET=utf8mb4 COLLATE=utf8mb4_unicode_ci;

--
-- Dumping data untuk tabel `transaksis`
--

INSERT INTO `transaksis` (`id`, `dana_id`, `tanggal`, `detail`, `keterangan`, `nominal`, `created_at`, `updated_at`) VALUES
(2, 1, '2023-04-08', 'Kas HMIF', 'Pemasukan', 15000, '2023-04-08 06:55:24', '2023-04-08 06:55:24'),
(3, 8, '2023-04-01', 'Kas HMIF', 'Pemasukan', 180000, '2023-04-08 06:56:54', '2023-04-25 15:08:37'),
(4, 1, '2023-04-01', 'Kas HMIF', 'Pemasukan', 90000, '2023-04-08 07:25:38', '2023-04-09 09:44:46'),
(5, 7, '2023-04-01', 'Uang Deposit', 'Pemasukan', 60000, '2023-04-08 22:30:34', '2023-04-08 22:35:16'),
(6, 7, '2023-04-01', 'Kas HMIF', 'Pemasukan', 60000, '2023-04-08 22:31:49', '2023-04-15 16:27:40'),
(7, 7, '2023-04-09', 'Kas HMIF', 'Pemasukan', 15000, '2023-04-08 22:33:24', '2023-04-08 22:33:24'),
(8, 7, '2023-04-09', 'Uang Deposit', 'Pemasukan', 30000, '2023-04-08 22:33:46', '2023-04-08 22:33:46'),
(11, 1, '2023-03-25', 'Website HMIF', 'Pengeluaran', 600000, '2023-04-08 22:44:04', '2023-04-09 12:52:33'),
(12, 7, '2023-03-31', 'Google Drive Unlimited', 'Pengeluaran', 19500, '2023-04-08 22:46:06', '2023-04-08 22:46:06'),
(13, 7, '2023-03-31', 'Materai Pelantikan', 'Pengeluaran', 24000, '2023-04-08 22:46:27', '2023-04-08 22:46:27'),
(15, 7, '2023-03-31', 'Dana Periode Sebelumnya', 'Pemasukan', 448500, '2023-04-08 22:49:06', '2023-12-14 13:32:41'),
(16, 8, '2023-03-31', 'Kas HMIF', 'Pemasukan', 30000, '2023-04-09 09:40:31', '2023-04-09 09:51:29'),
(17, 8, '2023-04-06', 'Kas HMIF', 'Pemasukan', 15000, '2023-04-09 09:50:39', '2023-04-09 09:50:39'),
(18, 1, '2023-04-01', 'Uang Deposit', 'Pemasukan', 60000, '2023-04-09 10:05:06', '2023-04-09 12:11:28'),
(19, 1, '2023-03-30', 'Uang Deposit', 'Pemasukan', 60000, '2023-04-09 11:57:15', '2023-04-09 12:04:11'),
(20, 8, '2023-04-01', 'Uang Deposit', 'Pemasukan', 270000, '2023-04-09 11:58:04', '2023-04-09 12:13:43'),
(21, 8, '2023-03-29', 'Uang Deposit', 'Pemasukan', 30000, '2023-04-09 11:59:21', '2023-04-09 11:59:21'),
(22, 1, '2023-04-08', 'Uang Deposit', 'Pemasukan', 30000, '2023-04-09 12:00:56', '2023-04-09 12:00:56'),
(23, 8, '2023-03-31', 'Uang Deposit', 'Pemasukan', 60000, '2023-04-09 12:02:05', '2023-04-09 12:12:50'),
(24, 1, '2023-03-31', 'Uang Deposit', 'Pemasukan', 30000, '2023-04-09 12:05:09', '2023-04-09 12:05:09'),
(25, 8, '2023-04-06', 'Uang Deposit', 'Pemasukan', 30000, '2023-04-09 12:07:53', '2023-04-09 12:07:53'),
(26, 1, '2023-03-31', 'Dana Periode Sebelumnya', 'Pemasukan', 3773609, '2023-04-09 12:26:40', '2023-12-14 13:30:29'),
(28, 1, '2023-04-01', 'Biaya Potongan Dana', 'Pemasukan', 500, '2023-04-09 12:58:21', '2023-09-26 11:11:40'),
(30, 1, '2023-04-09', 'Uang Deposit', 'Pemasukan', 60000, '2023-04-09 13:52:41', '2023-04-09 15:18:31'),
(31, 7, '2023-04-03', 'Print Proposal', 'Pengeluaran', 128800, '2023-04-09 15:07:02', '2023-04-09 15:07:02'),
(32, 7, '2023-04-01', 'Print Surat', 'Pengeluaran', 700, '2023-04-09 15:07:57', '2023-04-09 15:08:27'),
(33, 1, '2023-04-09', 'Kas HMIF', 'Pemasukan', 15000, '2023-04-09 15:29:26', '2023-04-09 15:29:26'),
(34, 8, '2023-04-10', 'Kas HMIF', 'Pemasukan', 15000, '2023-04-09 23:02:53', '2023-04-09 23:02:53'),
(35, 8, '2023-04-10', 'Uang Deposit', 'Pemasukan', 30000, '2023-04-09 23:03:38', '2023-04-09 23:03:38'),
(36, 7, '2023-04-10', 'Uang Deposit', 'Pemasukan', 30000, '2023-04-11 06:30:03', '2023-04-11 06:30:03'),
(37, 7, '2023-04-10', 'Kas HMIF', 'Pemasukan', 15000, '2023-04-11 06:31:00', '2023-04-11 06:31:00'),
(38, 1, '2023-04-11', 'Uang Deposit', 'Pemasukan', 30000, '2023-04-11 13:42:35', '2023-04-11 13:42:35'),
(39, 8, '2023-04-11', 'Uang Deposit', 'Pemasukan', 90000, '2023-04-12 16:55:30', '2023-04-24 04:03:49'),
(40, 1, '2023-04-12', 'Kas HMIF', 'Pemasukan', 60000, '2023-04-12 16:58:09', '2023-04-12 17:07:31'),
(41, 1, '2023-04-12', 'Uang Deposit', 'Pemasukan', 60000, '2023-04-12 16:58:46', '2023-04-12 17:00:24'),
(42, 1, '2023-04-10', 'Uang Deposit', 'Pemasukan', 90000, '2023-04-12 17:12:30', '2023-04-12 17:19:22'),
(43, 8, '2023-04-12', 'Kas HMIF', 'Pemasukan', 45000, '2023-04-12 17:15:53', '2023-04-27 13:53:45'),
(44, 1, '2023-04-10', 'Kas HMIF', 'Pemasukan', 30000, '2023-04-12 17:16:48', '2023-04-12 17:18:38'),
(45, 1, '2023-04-15', 'Uang Deposit', 'Pemasukan', 150000, '2023-04-15 05:54:15', '2023-04-17 00:19:16'),
(46, 1, '2023-04-15', 'Kas HMIF', 'Pemasukan', 105000, '2023-04-15 05:56:47', '2023-04-17 00:23:05'),
(47, 7, '2023-04-13', 'Uang Deposit', 'Pemasukan', 30000, '2023-04-15 06:34:30', '2023-04-15 06:34:30'),
(48, 7, '2023-04-13', 'Kas HMIF', 'Pemasukan', 15000, '2023-04-15 06:34:58', '2023-04-15 06:34:58'),
(49, 7, '2023-04-11', 'Print Proposal', 'Pengeluaran', 127400, '2023-04-15 07:21:50', '2023-04-15 07:21:50'),
(50, 7, '2023-04-15', 'Uang Deposit', 'Pemasukan', 30000, '2023-04-15 16:28:39', '2023-04-15 16:28:39'),
(51, 1, '2023-04-16', 'Kas HMIF', 'Pemasukan', 15000, '2023-04-17 00:17:02', '2023-04-17 00:17:02'),
(52, 1, '2023-04-16', 'Uang Deposit', 'Pemasukan', 30000, '2023-04-17 00:18:51', '2023-04-17 00:18:51'),
(53, 8, '2023-03-29', 'Kas HMIF', 'Pemasukan', 15000, '2023-04-17 00:26:38', '2023-04-17 00:26:38'),
(54, 1, '2023-04-17', 'Kas HMIF', 'Pemasukan', 45000, '2023-04-17 01:00:25', '2023-04-17 01:00:25'),
(55, 1, '2023-04-20', 'Uang Deposit', 'Pemasukan', 120000, '2023-04-20 05:05:33', '2023-04-20 12:31:02'),
(56, 7, '2023-04-18', 'Uang Deposit', 'Pemasukan', 30000, '2023-04-20 05:06:26', '2023-04-20 05:06:26'),
(57, 1, '2023-04-20', 'Kas HMIF', 'Pemasukan', 150000, '2023-04-20 08:59:51', '2023-04-20 13:04:15'),
(58, 1, '2023-04-22', 'Uang Deposit', 'Pemasukan', 30000, '2023-04-22 10:50:28', '2023-04-22 10:50:28'),
(59, 8, '2023-04-11', 'Kas HMIF', 'Pemasukan', 15000, '2023-04-24 04:02:10', '2023-04-24 04:02:10'),
(60, 1, '2023-04-24', 'Uang Deposit', 'Pemasukan', 60000, '2023-04-24 04:48:34', '2023-04-25 11:30:49'),
(61, 1, '2023-04-24', 'Kas HMIF', 'Pemasukan', 30000, '2023-04-24 04:54:08', '2023-09-26 11:02:13'),
(62, 1, '2023-04-25', 'Uang Deposit', 'Pemasukan', 120000, '2023-04-25 10:32:36', '2023-04-25 15:09:21'),
(63, 1, '2023-04-25', 'Kas HMIF', 'Pemasukan', 75000, '2023-04-25 10:33:19', '2023-04-25 11:33:45'),
(64, 7, '2023-04-25', 'Kas HMIF', 'Pemasukan', 15000, '2023-04-25 13:44:05', '2023-04-25 13:44:05'),
(65, 7, '2023-04-26', 'Kas HMIF', 'Pemasukan', 15000, '2023-04-26 01:32:22', '2023-04-26 01:32:22'),
(66, 7, '2023-04-25', 'Uang Deposit', 'Pemasukan', 30000, '2023-04-26 01:32:57', '2023-04-26 01:32:57'),
(67, 1, '2023-04-26', 'Kas HMIF', 'Pemasukan', 105000, '2023-04-27 08:46:24', '2023-04-27 08:46:24'),
(68, 1, '2023-04-28', 'Upgrading', 'Pengeluaran', 2000000, '2023-04-28 03:29:24', '2023-04-28 03:29:24'),
(71, 1, '2023-04-28', 'Biaya tambahan dana prioritas', 'Pemasukan', 500, '2023-04-28 03:31:22', '2023-09-26 05:39:13'),
(72, 8, '2023-04-30', 'Kas HMIF', 'Pemasukan', 15000, '2023-04-30 12:16:27', '2023-04-30 12:16:27'),
(73, 7, '2023-05-02', 'Kas HMIF', 'Pemasukan', 30000, '2023-05-02 03:21:45', '2023-05-02 08:32:18'),
(74, 8, '2023-05-02', 'Kas HMIF', 'Pemasukan', 45000, '2023-05-02 15:53:34', '2023-05-02 15:55:17'),
(75, 8, '2023-05-03', 'Kas HMIF', 'Pemasukan', 45000, '2023-05-03 00:19:22', '2023-05-03 13:29:47'),
(76, 2, '2023-03-31', 'Dana Periode Sebelumnya', 'Pemasukan', 19209117, '2023-05-03 00:42:25', '2023-05-03 00:42:25'),
(77, 7, '2023-05-03', 'Kas HMIF', 'Pemasukan', 15000, '2023-05-03 01:42:59', '2023-05-03 01:42:59'),
(82, 1, '2023-05-04', 'Training Public Speaking', 'Pengeluaran', 470000, '2023-05-04 12:30:28', '2023-05-04 12:30:28'),
(83, 7, '2023-05-06', 'Kas HMIF', 'Pemasukan', 15000, '2023-05-06 02:03:53', '2023-05-06 02:03:53'),
(84, 8, '2023-05-06', 'Kas HMIF', 'Pemasukan', 30000, '2023-05-06 05:38:15', '2023-05-06 05:38:15'),
(85, 1, '2023-05-08', 'Kas HMIF', 'Pemasukan', 30000, '2023-05-08 01:20:09', '2023-05-08 04:05:29'),
(86, 1, '2023-05-08', 'Sewa gimbal medkom', 'Pengeluaran', 150000, '2023-05-08 15:58:27', '2023-05-08 15:58:27'),
(87, 8, '2023-05-10', 'Modal Jantan KREUS', 'Pengeluaran', 200000, '2023-05-09 23:59:19', '2023-05-09 23:59:19'),
(88, 7, '2023-05-10', 'Turnamen ML IA', 'Pengeluaran', 30000, '2023-05-11 12:19:20', '2023-05-11 12:19:20'),
(89, 7, '2023-05-11', 'Turnamen Valorant IA', 'Pengeluaran', 40000, '2023-05-11 12:20:17', '2023-05-11 12:20:17'),
(90, 1, '2023-05-11', 'Turnamen ML IA', 'Pengeluaran', 30000, '2023-05-11 12:44:58', '2023-05-11 13:03:23'),
(91, 1, '2023-05-11', 'Pesek', 'Pengeluaran', 131300, '2023-05-11 12:46:58', '2023-05-11 12:46:58'),
(92, 1, '2023-05-11', 'Ngobras', 'Pengeluaran', 490000, '2023-05-11 13:02:28', '2023-05-11 13:02:28'),
(94, 1, '2023-05-11', 'Kas HMIF', 'Pemasukan', 15000, '2023-05-13 00:03:22', '2023-05-13 00:03:22'),
(95, 8, '2023-05-11', 'Kas HMIF', 'Pemasukan', 15000, '2023-05-13 00:04:32', '2023-05-13 00:05:36'),
(96, 1, '2023-05-14', 'Konsumsi Pesek', 'Pengeluaran', 24300, '2023-05-14 04:47:15', '2023-05-14 04:47:15'),
(97, 1, '2023-05-14', 'Biaya admin konsumsi pesek', 'Pengeluaran', 2500, '2023-05-14 04:47:41', '2023-05-14 04:47:41'),
(98, 1, '2023-05-14', 'Kas HMIF', 'Pemasukan', 15000, '2023-05-14 10:14:53', '2023-05-14 10:14:53'),
(99, 8, '2023-05-15', 'Kas HMIF', 'Pemasukan', 45000, '2023-05-15 00:45:07', '2023-05-17 00:13:50'),
(100, 1, '2023-05-15', 'icu', 'Pengeluaran', 30000, '2023-05-15 11:41:45', '2023-05-15 11:41:45'),
(101, 7, '2023-05-16', 'Kas HMIF', 'Pemasukan', 30000, '2023-05-16 13:10:35', '2023-05-16 13:11:02'),
(102, 8, '2023-05-16', 'Kas HMIF', 'Pemasukan', 15000, '2023-05-17 00:12:21', '2023-05-17 00:12:21'),
(103, 8, '2023-05-17', 'Kas HMIF', 'Pemasukan', 15000, '2023-05-17 00:23:05', '2023-05-17 00:23:05'),
(104, 8, '2023-05-18', 'Kas HMIF', 'Pemasukan', 60000, '2023-05-18 02:28:43', '2023-05-20 01:53:10'),
(106, 1, '2023-05-15', 'Kas HMIF', 'Pemasukan', 30000, '2023-05-23 00:11:38', '2023-05-23 00:11:38'),
(107, 8, '2023-05-20', 'Kas HMIF', 'Pemasukan', 15000, '2023-05-23 00:12:04', '2023-05-23 00:12:04'),
(108, 1, '2023-05-21', 'Kas HMIF', 'Pemasukan', 15000, '2023-05-23 00:13:02', '2023-05-23 00:13:02'),
(109, 1, '2023-05-24', 'Delegasi Rakerwil', 'Pengeluaran', 240000, '2023-05-25 02:20:58', '2023-09-24 15:18:12'),
(110, 1, '2023-05-25', 'Sisa uang sewa gimbal', 'Pemasukan', 40000, '2023-05-25 02:21:41', '2023-05-25 02:21:41'),
(111, 1, '2023-05-25', 'Kas HMIF', 'Pemasukan', 30000, '2023-05-25 04:28:23', '2023-05-29 00:34:16'),
(112, 8, '2023-05-25', 'Kas HMIF', 'Pemasukan', 15000, '2023-05-25 05:05:29', '2023-05-25 05:05:29'),
(113, 1, '2023-05-23', 'Kas HMIF', 'Pemasukan', 15000, '2023-05-25 05:06:48', '2023-05-25 05:06:48'),
(114, 8, '2023-05-23', 'Kas HMIF', 'Pemasukan', 15000, '2023-05-25 05:07:56', '2023-05-25 05:07:56'),
(115, 8, '2023-05-27', 'Wisuda', 'Pengeluaran', 300000, '2023-05-27 04:59:11', '2023-05-27 04:59:11'),
(116, 7, '2023-05-22', 'Print Surat', 'Pengeluaran', 6500, '2023-05-27 04:59:56', '2023-05-27 04:59:56'),
(117, 8, '2023-05-29', 'Kas HMIF', 'Pemasukan', 15000, '2023-05-29 00:32:57', '2023-05-29 00:32:57'),
(118, 1, '2023-05-29', 'Kas HMIF', 'Pemasukan', 90000, '2023-05-29 00:46:10', '2023-05-29 07:00:45'),
(119, 1, '2023-05-12', 'Kas HMIF', 'Pemasukan', 15000, '2023-05-29 00:58:22', '2023-05-29 00:58:22'),
(120, 1, '2023-05-30', 'Kas HMIF', 'Pemasukan', 15000, '2023-05-30 03:38:59', '2023-05-30 03:38:59'),
(121, 1, '2023-05-31', 'Kas HMIF', 'Pemasukan', 15000, '2023-05-31 08:30:43', '2023-05-31 08:30:43'),
(122, 7, '2023-05-31', 'Kas HMIF', 'Pemasukan', 15000, '2023-05-31 09:21:14', '2023-05-31 09:21:14'),
(123, 1, '2023-06-05', 'Kas HMIF', 'Pemasukan', 90000, '2023-06-05 01:56:00', '2023-06-05 03:52:49'),
(124, 7, '2023-05-27', 'Rapat Permikomnas', 'Pengeluaran', 33000, '2023-06-05 07:35:47', '2023-09-26 11:14:39'),
(125, 7, '2023-05-28', 'Rapat Permikomnas', 'Pemasukan', 50000, '2023-06-05 07:36:15', '2023-06-05 07:36:15'),
(126, 8, '2023-06-05', 'Kas HMIF', 'Pemasukan', 30000, '2023-06-05 08:29:31', '2023-06-05 08:29:48'),
(128, 1, '2023-06-03', 'Pelatihan Desain', 'Pengeluaran', 60000, '2023-06-09 11:44:02', '2023-06-09 11:44:02'),
(129, 1, '2023-06-03', 'Biaya dana prioritas pelatihan desain', 'Pemasukan', 500, '2023-06-09 11:44:59', '2023-09-26 05:23:53'),
(130, 1, '2023-06-03', 'Pelatihan Desain', 'Pengeluaran', 40000, '2023-06-09 11:45:46', '2023-06-09 11:45:46'),
(131, 1, '2023-06-03', 'Biaya admin pelatihan desain', 'Pengeluaran', 2500, '2023-06-09 11:46:20', '2023-06-09 11:46:20'),
(132, 1, '2023-06-07', 'Bass Wisuda', 'Pengeluaran', 1000000, '2023-06-09 11:47:34', '2023-06-09 12:07:13'),
(133, 1, '2023-06-09', 'Bendera Wisuda', 'Pengeluaran', 211000, '2023-06-09 11:48:10', '2023-06-09 12:07:33'),
(134, 1, '2023-06-05', 'Pemindahan Dana', 'Pemasukan', 550000, '2023-06-09 11:55:09', '2023-06-09 11:55:09'),
(135, 7, '2023-06-05', 'Pemindahan Dana', 'Pengeluaran', 550000, '2023-06-09 11:55:34', '2023-06-09 11:55:34'),
(136, 1, '2023-05-31', 'Delegasi Rakerwil', 'Pengeluaran', 500000, '2023-06-09 12:07:31', '2023-06-09 18:24:34'),
(137, 1, '2023-05-26', 'Sewa Gimbal', 'Pengeluaran', 110000, '2023-06-09 12:08:18', '2023-06-09 12:08:18'),
(138, 1, '2023-05-13', 'Sisa dana TPS', 'Pemasukan', 11500, '2023-06-09 14:57:42', '2023-06-09 16:47:59'),
(139, 1, '2023-06-07', 'Biaya dana prioritas bass wisuda', 'Pemasukan', 500, '2023-06-09 16:38:20', '2023-09-26 05:23:29'),
(140, 8, '2023-06-10', 'Kas HMIF', 'Pemasukan', 30000, '2023-06-10 09:15:44', '2023-06-10 09:17:34'),
(141, 1, '2023-06-10', 'Kas HMIF', 'Pemasukan', 15000, '2023-06-11 05:05:34', '2023-06-11 05:05:34'),
(142, 1, '2023-06-10', 'Beli Bass Wisuda', 'Pengeluaran', 426000, '2023-06-11 05:06:44', '2023-06-15 14:47:33'),
(143, 8, '2023-06-10', 'Beli Bass Wisuda', 'Pengeluaran', 700000, '2023-06-11 05:07:28', '2023-06-11 05:07:28'),
(144, 1, '2023-06-11', 'Kas Daerah', 'Pengeluaran', 10000, '2023-06-11 05:07:58', '2023-06-11 05:07:58'),
(145, 1, '2023-06-11', 'Pesek', 'Pengeluaran', 16400, '2023-06-11 05:08:17', '2023-06-11 05:08:17'),
(146, 1, '2023-06-11', 'Biaya Admin Pesek', 'Pengeluaran', 2500, '2023-06-11 05:08:47', '2023-06-11 05:08:47'),
(147, 1, '2023-06-12', 'Kas HMIF', 'Pemasukan', 60000, '2023-06-12 01:17:09', '2023-06-12 02:09:21'),
(149, 8, '2023-06-13', 'Kas HMIF', 'Pemasukan', 60000, '2023-06-13 10:13:43', '2023-06-13 10:38:36'),
(150, 1, '2023-06-15', 'Kas HMIF', 'Pemasukan', 15000, '2023-06-15 14:45:00', '2023-06-15 14:45:00'),
(151, 1, '2023-06-11', 'Sosialisasi', 'Pengeluaran', 150000, '2023-06-15 14:48:58', '2023-06-15 14:48:58'),
(152, 1, '2023-06-13', 'Uang Kas dari BNI', 'Pemasukan', 5000000, '2023-06-15 14:51:18', '2023-06-15 14:51:18'),
(153, 1, '2023-06-13', 'Himafun', 'Pengeluaran', 2000000, '2023-06-15 14:52:24', '2023-06-15 14:52:24'),
(154, 1, '2023-06-13', 'Biaya tambahan dana prioritas himafun', 'Pemasukan', 500, '2023-06-15 14:52:50', '2023-09-26 05:23:01'),
(155, 1, '2023-06-15', 'Wisuda', 'Pengeluaran', 78000, '2023-06-15 14:54:27', '2023-06-15 14:54:27'),
(156, 1, '2023-06-11', 'Iuran Bass Angkatan 21', 'Pemasukan', 250000, '2023-06-15 15:02:56', '2023-08-15 16:04:08'),
(157, 7, '2023-06-14', 'Kas HMIF', 'Pemasukan', 15000, '2023-06-15 15:11:10', '2023-06-15 15:11:10'),
(158, 1, '2023-06-19', 'Kas HMIF', 'Pemasukan', 30000, '2023-06-18 23:25:31', '2023-06-18 23:38:41'),
(159, 1, '2023-06-20', 'Kas HMIF', 'Pemasukan', 15000, '2023-06-20 04:04:21', '2023-06-20 04:04:21'),
(160, 7, '2023-06-23', 'Kas HMIF', 'Pemasukan', 15000, '2023-06-23 07:03:09', '2023-09-26 11:00:42'),
(161, 1, '2023-06-24', 'Kas HMIF', 'Pemasukan', 15000, '2023-06-25 10:45:02', '2023-06-25 10:45:02'),
(162, 7, '2023-06-25', 'Materai', 'Pengeluaran', 10070, '2023-06-25 10:45:47', '2023-06-25 10:45:47'),
(163, 8, '2023-06-19', 'Kas HMIF', 'Pemasukan', 15000, '2023-06-25 11:07:04', '2023-06-27 23:29:26'),
(164, 8, '2023-06-20', 'Kas HMIF', 'Pemasukan', 15000, '2023-06-25 11:07:39', '2023-06-25 11:07:39'),
(165, 1, '2023-06-24', 'Wisuda', 'Pengeluaran', 12000, '2023-06-25 11:09:11', '2023-06-25 11:09:11'),
(166, 1, '2023-06-18', 'ISC', 'Pengeluaran', 505000, '2023-06-25 11:10:47', '2023-06-25 11:10:47'),
(167, 1, '2023-06-26', 'Kas HMIF', 'Pemasukan', 167000, '2023-06-26 02:41:19', '2023-10-21 03:02:45'),
(168, 1, '2023-03-13', 'Snare', 'Pengeluaran', 385000, '2023-06-27 11:59:46', '2023-06-27 11:59:46'),
(169, 2, '2023-06-13', 'Pemindahan ke Dana', 'Pengeluaran', 5000000, '2023-06-27 12:05:15', '2023-06-27 12:05:15'),
(170, 1, '2023-06-27', 'Sisa Dana Sosialisasi', 'Pemasukan', 65700, '2023-06-27 12:06:23', '2023-06-27 12:06:23'),
(171, 1, '2023-06-25', 'Iuran Rektor Cup', 'Pengeluaran', 100000, '2023-06-27 12:22:38', '2023-06-27 12:22:38'),
(172, 8, '2023-06-21', 'Kas HMIF', 'Pemasukan', 30000, '2023-06-27 23:29:57', '2023-06-27 23:30:45'),
(173, 8, '2023-06-27', 'Kas HMIF', 'Pemasukan', 15000, '2023-06-27 23:30:27', '2023-06-27 23:30:27'),
(174, 8, '2023-06-28', 'Kas HMIF', 'Pemasukan', 45000, '2023-06-27 23:31:05', '2023-06-28 10:16:25'),
(175, 1, '2023-06-18', 'Kas HMIF', 'Pemasukan', 15000, '2023-06-27 23:32:27', '2023-06-27 23:32:27'),
(176, 7, '2023-06-28', 'Kas HMIF', 'Pemasukan', 15000, '2023-06-28 06:21:51', '2023-06-28 06:21:51'),
(177, 1, '2023-06-28', 'Kas HMIF', 'Pemasukan', 105000, '2023-06-28 06:23:57', '2023-06-30 00:50:30'),
(179, 1, '2023-06-29', 'Kas HMIF', 'Pemasukan', 45000, '2023-06-30 00:50:07', '2023-06-30 00:51:16'),
(180, 1, '2023-06-30', 'Kas HMIF', 'Pemasukan', 60000, '2023-06-30 05:18:22', '2023-07-14 16:45:59'),
(181, 1, '2023-07-03', 'Kas HMIF', 'Pemasukan', 75000, '2023-07-03 06:52:34', '2023-07-03 18:30:14'),
(182, 8, '2023-07-03', 'Kas HMIF', 'Pemasukan', 30000, '2023-07-03 11:26:51', '2023-07-03 11:27:56'),
(183, 1, '2023-07-05', 'Kas HMIF', 'Pemasukan', 15000, '2023-07-05 02:52:58', '2023-07-05 02:52:58'),
(184, 1, '2023-07-07', 'Stech', 'Pengeluaran', 2000000, '2023-07-08 11:52:14', '2023-07-08 11:52:42'),
(185, 1, '2023-07-07', 'Biaya tambahan dana prioritas stech', 'Pemasukan', 500, '2023-07-08 11:53:13', '2023-09-26 11:08:44'),
(186, 1, '2023-07-08', 'Relasi', 'Pengeluaran', 180500, '2023-07-08 11:53:36', '2023-07-08 11:53:36'),
(187, 8, '2023-07-04', 'Kas HMIF', 'Pemasukan', 15000, '2023-07-10 09:53:02', '2023-07-10 09:53:02'),
(188, 8, '2023-07-05', 'Kas HMIF', 'Pemasukan', 15000, '2023-07-10 09:53:32', '2023-07-10 09:53:32'),
(189, 1, '2023-07-11', 'Pelatihan Desain', 'Pengeluaran', 100000, '2023-07-13 00:36:34', '2023-07-13 00:36:34'),
(190, 1, '2023-07-10', 'Kas HMIF', 'Pemasukan', 75000, '2023-07-13 00:37:57', '2023-07-13 00:42:13'),
(191, 1, '2023-07-11', 'Kas HMIF', 'Pemasukan', 45000, '2023-07-13 00:40:55', '2023-07-13 00:40:55'),
(192, 1, '2023-07-09', 'Kas HMIF', 'Pemasukan', 15000, '2023-07-13 00:42:51', '2023-07-13 00:42:51'),
(193, 1, '2023-07-14', 'Kas HMIF', 'Pemasukan', 15000, '2023-07-14 14:15:38', '2023-07-14 14:15:38'),
(194, 1, '2023-07-03', 'Pesek', 'Pengeluaran', 25856, '2023-07-14 14:18:10', '2023-07-14 14:18:10'),
(195, 1, '2023-07-03', 'Biaya admin pesek', 'Pengeluaran', 2500, '2023-07-14 14:19:00', '2023-07-14 14:19:00'),
(197, 1, '2023-06-09', 'Sisa tps', 'Pemasukan', 500, '2023-07-14 14:30:42', '2023-07-14 14:30:42'),
(198, 8, '2023-06-30', 'Kas HMIF', 'Pemasukan', 15000, '2023-07-14 16:45:59', '2023-07-14 16:45:59'),
(199, 1, '2023-07-22', 'Kas HMIF', 'Pemasukan', 30000, '2023-07-22 07:26:25', '2023-07-26 10:42:08'),
(200, 1, '2023-07-26', 'Kas HMIF', 'Pemasukan', 120000, '2023-07-26 10:38:08', '2023-07-26 14:41:52'),
(202, 1, '2023-07-19', 'Kas HMIF', 'Pemasukan', 45000, '2023-07-26 10:40:30', '2023-07-26 10:46:07'),
(203, 1, '2023-07-24', 'Kas HMIF', 'Pemasukan', 15000, '2023-07-26 10:41:18', '2023-07-26 10:41:18'),
(204, 8, '2023-07-26', 'Kas HMIF', 'Pemasukan', 15000, '2023-07-26 10:46:26', '2023-07-26 10:46:26'),
(205, 7, '2023-07-29', 'Domain Website Keuangan HMIF', 'Pengeluaran', 11100, '2023-07-29 11:25:48', '2023-07-29 11:25:48'),
(206, 1, '2023-07-30', 'Kas HMIF', 'Pemasukan', 210000, '2023-07-31 10:57:33', '2023-08-21 00:58:58'),
(207, 8, '2023-07-31', 'Kas HMIF', 'Pemasukan', 15000, '2023-07-31 11:04:28', '2023-07-31 11:04:28'),
(208, 1, '2023-07-27', 'Kas HMIF', 'Pemasukan', 15000, '2023-07-31 11:30:14', '2023-07-31 11:30:14'),
(209, 1, '2023-07-31', 'Kas HMIF', 'Pemasukan', 105000, '2023-07-31 11:32:38', '2023-08-29 06:07:53'),
(210, 1, '2023-08-03', 'Pengabdian masyarakat', 'Pengeluaran', 2500000, '2023-08-10 05:07:14', '2023-08-10 05:07:14'),
(211, 1, '2023-08-10', 'Relasi', 'Pengeluaran', 520000, '2023-08-10 05:20:28', '2023-08-15 14:37:34'),
(212, 1, '2023-08-10', 'Biaya tambahan relasi', 'Pemasukan', 500, '2023-08-10 05:21:02', '2023-09-26 05:21:32'),
(213, 7, '2023-08-13', 'Kas HMIF', 'Pemasukan', 15000, '2023-08-13 07:28:07', '2023-08-13 07:28:07'),
(214, 7, '2023-08-15', 'Kas HMIF', 'Pemasukan', 15000, '2023-08-15 13:48:56', '2023-09-26 10:51:41'),
(215, 1, '2023-08-15', 'Kas HMIF', 'Pemasukan', 120000, '2023-08-15 13:49:23', '2023-09-26 10:51:41'),
(216, 2, '2023-05-01', 'Biaya Administrasi Bank', 'Pengeluaran', 3282, '2023-08-15 14:01:35', '2023-08-15 14:01:35'),
(217, 2, '2023-05-31', 'Biaya Administrasi Bank', 'Pengeluaran', 344, '2023-08-15 14:02:40', '2023-08-15 14:02:40'),
(218, 2, '2023-06-30', 'Biaya Administrasi Bank', 'Pengeluaran', 1480, '2023-08-15 14:04:59', '2023-08-15 14:04:59'),
(220, 1, '2023-08-14', 'Kas HMIF', 'Pemasukan', 30000, '2023-08-15 14:20:48', '2023-08-15 14:21:15'),
(221, 2, '2023-08-11', 'Pemindahan dana', 'Pengeluaran', 1716000, '2023-08-15 14:23:00', '2023-08-15 14:34:32'),
(222, 1, '2023-08-11', 'Pemindahan dana', 'Pemasukan', 1716000, '2023-08-15 14:23:21', '2023-08-15 14:34:45'),
(223, 1, '2023-08-11', 'Peminjaman Kreus Japeng', 'Pengeluaran', 2500000, '2023-08-15 14:25:16', '2023-08-15 14:30:19'),
(224, 7, '2023-08-11', 'Pemindahan dana', 'Pengeluaran', 46930, '2023-08-15 14:26:24', '2023-08-15 14:28:22'),
(225, 8, '2023-08-11', 'Pemindahan dana', 'Pengeluaran', 315000, '2023-08-15 14:26:59', '2023-08-15 14:28:35'),
(226, 1, '2023-08-11', 'Pemindahan dana dari cash ulul dan mely', 'Pemasukan', 361930, '2023-08-15 14:29:25', '2023-09-26 05:01:09'),
(227, 2, '2023-08-10', 'Pemindahan dana', 'Pengeluaran', 300000, '2023-08-15 14:36:12', '2023-09-24 18:07:26'),
(229, 1, '2023-08-08', 'Iuran POST Angkatan 21', 'Pemasukan', 50000, '2023-08-15 14:38:48', '2023-08-15 14:38:48'),
(230, 2, '2023-08-03', 'Pemindahan dana', 'Pengeluaran', 2700000, '2023-08-15 14:40:28', '2023-08-15 14:40:28'),
(231, 1, '2023-08-01', 'Gemastik', 'Pengeluaran', 600000, '2023-08-15 14:41:07', '2023-08-15 14:41:07'),
(232, 1, '2023-08-01', 'Biaya tambahan dana gemastik', 'Pemasukan', 500, '2023-08-15 14:41:52', '2023-09-26 05:21:49'),
(233, 1, '2023-07-29', 'Kas HMIF', 'Pemasukan', 15000, '2023-08-15 14:47:36', '2023-08-15 14:47:36'),
(234, 1, '2023-07-28', 'Cocard MM', 'Pengeluaran', 756000, '2023-08-15 14:50:44', '2023-08-15 14:50:44'),
(235, 1, '2023-07-28', 'Biaya tambahan cocard MM', 'Pemasukan', 500, '2023-08-15 14:51:13', '2023-09-26 11:08:27'),
(238, 1, '2023-07-22', 'Kas daerah permikomnas', 'Pengeluaran', 10000, '2023-08-15 14:55:12', '2023-08-15 14:55:12'),
(239, 1, '2023-07-16', 'ICU - Divisi of the month', 'Pengeluaran', 30000, '2023-08-15 14:56:07', '2023-10-27 03:54:44'),
(240, 1, '2023-07-28', 'Pemindahan dana', 'Pemasukan', 500000, '2023-08-15 15:04:47', '2023-08-15 15:04:47'),
(241, 2, '2023-07-28', 'Pemindahan dana', 'Pengeluaran', 500000, '2023-08-15 15:05:09', '2023-08-15 15:05:09'),
(242, 1, '2023-08-03', 'Pemindahan dana', 'Pemasukan', 2700000, '2023-08-15 15:09:01', '2023-08-15 15:09:01'),
(243, 2, '2023-07-28', 'Dana Termin 1', 'Pemasukan', 10000000, '2023-08-15 15:24:21', '2023-08-15 15:24:21'),
(244, 1, '2023-08-10', 'Iuran Bass Angkatan 22', 'Pemasukan', 250000, '2023-08-15 15:31:35', '2023-08-15 15:31:35'),
(245, 2, '2023-08-13', 'Penyewaan tenda mechanism', 'Pengeluaran', 100000, '2023-08-16 02:10:57', '2023-08-16 02:10:57'),
(246, 8, '2023-08-19', 'Kas HMIF', 'Pemasukan', 30000, '2023-08-19 05:02:26', '2023-08-21 01:19:32'),
(247, 1, '2023-08-20', 'Maskrab Makrab', 'Pengeluaran', 50000, '2023-08-20 07:51:35', '2023-08-20 07:51:35'),
(248, 1, '2023-08-20', 'Kas HMIF', 'Pemasukan', 15000, '2023-08-21 00:58:25', '2023-08-21 00:58:25'),
(249, 1, '2023-08-18', 'Kas HMIF', 'Pemasukan', 15000, '2023-08-21 01:01:01', '2023-08-21 01:01:01'),
(250, 1, '2023-08-16', 'Kas HMIF', 'Pemasukan', 15000, '2023-08-21 01:04:01', '2023-08-21 01:04:53'),
(251, 1, '2023-08-21', 'Kas HMIF', 'Pemasukan', 60000, '2023-08-21 01:06:12', '2023-08-21 08:57:42'),
(252, 7, '2023-08-26', 'Kas HMIF', 'Pemasukan', 30000, '2023-08-21 01:14:28', '2023-08-28 02:58:27'),
(253, 8, '2023-08-21', 'Kas HMIF', 'Pemasukan', 15000, '2023-08-21 08:56:16', '2023-08-21 08:56:16'),
(254, 8, '2023-08-26', 'Kas HMIF', 'Pemasukan', 15000, '2023-08-21 08:58:35', '2023-08-21 08:58:35'),
(255, 8, '2023-08-22', 'Pesek', 'Pengeluaran', 30900, '2023-08-24 09:52:48', '2023-08-24 09:57:09'),
(256, 8, '2023-08-24', 'Kas HMIF', 'Pemasukan', 30000, '2023-08-24 09:53:27', '2023-08-24 09:53:27'),
(258, 1, '2023-08-24', 'POST', 'Pengeluaran', 1200000, '2023-08-24 09:55:14', '2023-08-24 09:55:14'),
(259, 1, '2023-08-23', 'MM', 'Pengeluaran', 101500, '2023-08-24 09:56:07', '2023-08-24 09:56:07'),
(260, 1, '2023-08-27', 'Kas HMIF', 'Pemasukan', 30000, '2023-08-28 03:01:12', '2023-08-28 03:01:12'),
(261, 8, '2023-08-28', 'Kas HMIF', 'Pemasukan', 30000, '2023-08-28 03:01:55', '2023-08-29 06:01:53'),
(262, 1, '2023-08-29', 'Kas HMIF', 'Pemasukan', 45000, '2023-08-29 06:02:16', '2023-08-29 06:02:48'),
(264, 1, '2023-08-30', 'Kas HMIF', 'Pemasukan', 60000, '2023-08-30 05:27:03', '2023-09-26 11:00:00'),
(266, 1, '2023-08-31', 'Kas HMIF', 'Pemasukan', 105000, '2023-08-31 07:25:11', '2023-08-31 07:51:57'),
(267, 8, '2023-08-30', 'Kas HMIF', 'Pemasukan', 90000, '2023-08-31 07:26:17', '2023-08-31 07:30:26'),
(268, 8, '2023-08-31', 'Kas HMIF', 'Pemasukan', 45000, '2023-08-31 07:30:50', '2023-08-31 07:52:53'),
(269, 1, '2023-09-01', 'Kas HMIF', 'Pemasukan', 15000, '2023-09-05 04:08:36', '2023-09-05 04:08:36'),
(270, 1, '2023-09-05', 'Kas HMIF', 'Pemasukan', 15000, '2023-09-07 06:41:32', '2023-09-07 06:41:32'),
(271, 8, '2023-09-06', 'Kas HMIF', 'Pemasukan', 15000, '2023-09-07 06:41:55', '2023-09-07 06:41:55'),
(272, 1, '2023-09-04', 'Relasi', 'Pengeluaran', 120000, '2023-09-07 06:43:05', '2023-09-07 06:43:05'),
(273, 1, '2023-09-04', 'Biaya tambahan Dana prioritas relasi', 'Pemasukan', 500, '2023-09-07 06:43:49', '2023-09-26 05:35:46'),
(274, 1, '2023-09-02', 'MM', 'Pengeluaran', 66500, '2023-09-07 06:44:54', '2023-09-07 06:44:54'),
(275, 1, '2023-09-02', 'Biaya tambahan Dana prioritas MM', 'Pemasukan', 500, '2023-09-07 06:45:28', '2023-09-26 05:46:24'),
(276, 1, '2023-09-10', 'Transport Forum Daerah', 'Pengeluaran', 50000, '2023-09-10 12:56:22', '2023-09-10 12:56:22'),
(277, 1, '2023-09-05', 'Kas Daerah', 'Pengeluaran', 20000, '2023-09-10 12:57:52', '2023-09-10 12:57:52'),
(278, 1, '2023-09-06', 'FTJ', 'Pengeluaran', 20000, '2023-09-10 12:58:18', '2023-09-10 12:58:18'),
(279, 1, '2023-09-07', 'Kas HMIF', 'Pemasukan', 15000, '2023-09-10 12:59:30', '2023-09-10 12:59:30'),
(280, 1, '2023-08-21', 'Kebutuhan Parade', 'Pengeluaran', 87000, '2023-09-10 13:07:11', '2023-09-10 13:07:11'),
(281, 2, '2023-08-24', 'Pemindahan Dana', 'Pengeluaran', 1300000, '2023-09-11 06:31:38', '2023-09-11 06:32:26'),
(282, 1, '2023-08-24', 'Pemindahan Dana', 'Pemasukan', 1300000, '2023-09-11 06:33:24', '2023-09-11 06:33:24'),
(283, 2, '2023-08-24', 'Delegasi Rakerwil', 'Pemasukan', 1140000, '2023-09-11 06:36:22', '2023-09-11 06:37:52'),
(284, 1, '2023-08-24', 'Rakerwil', 'Pengeluaran', 317328, '2023-09-11 06:39:50', '2023-09-11 06:39:50'),
(285, 2, '2023-08-24', 'IA Bola Voli', 'Pengeluaran', 200000, '2023-09-11 06:46:02', '2023-09-11 06:46:02'),
(286, 2, '2023-08-26', 'MM', 'Pengeluaran', 1920500, '2023-09-11 06:49:03', '2023-09-11 06:49:03'),
(287, 1, '2023-09-02', 'Iuran POST dan Bass 2019', 'Pemasukan', 300000, '2023-09-11 06:51:14', '2023-09-11 06:51:26'),
(288, 2, '2023-09-02', 'IA Minum', 'Pengeluaran', 34000, '2023-09-11 07:11:50', '2023-09-11 07:11:50'),
(289, 2, '2023-09-02', 'Busa Bass', 'Pengeluaran', 50000, '2023-09-11 07:12:24', '2023-09-11 07:12:24'),
(290, 2, '2023-08-21', 'Kebutuhan Parade', 'Pengeluaran', 216000, '2023-09-11 07:13:10', '2023-09-11 07:13:10'),
(291, 1, '2023-09-11', 'Kas HMIF', 'Pemasukan', 15000, '2023-09-12 00:22:28', '2023-09-12 00:22:28'),
(292, 1, '2023-09-10', 'Pemindahan Dana Cash Mely', 'Pemasukan', 239100, '2023-09-14 06:04:11', '2023-09-14 06:06:22'),
(293, 8, '2023-09-10', 'Pemindahan Dana Cash Mely', 'Pengeluaran', 239100, '2023-09-14 06:04:59', '2023-09-14 06:04:59'),
(294, 8, '2023-09-12', 'Kas HMIF', 'Pemasukan', 60000, '2023-09-14 06:07:27', '2023-09-14 06:08:25'),
(295, 1, '2023-09-12', 'Kas HMIF', 'Pemasukan', 45000, '2023-09-14 06:09:58', '2023-09-24 16:18:26'),
(296, 1, '2023-09-06', 'Kas HMIF', 'Pemasukan', 15000, '2023-09-14 06:56:42', '2023-09-14 06:56:42'),
(297, 7, '2023-09-10', 'Pemindahan dana', 'Pengeluaran', 90000, '2023-09-14 07:13:51', '2023-09-14 07:13:51'),
(298, 1, '2023-09-10', 'Pemindahan dana dari Cash Ulul', 'Pemasukan', 90000, '2023-09-14 07:16:39', '2023-09-14 07:16:39'),
(299, 1, '2023-09-10', 'Workshop', 'Pengeluaran', 79000, '2023-09-14 07:17:46', '2023-09-14 07:18:23'),
(300, 2, '2023-09-10', 'Pemindahan Dana', 'Pengeluaran', 226517, '2023-09-14 07:20:46', '2023-09-14 07:20:46'),
(301, 1, '2023-09-10', 'Pemindahan dana', 'Pemasukan', 226517, '2023-09-14 07:22:45', '2023-09-14 07:22:45'),
(302, 1, '2023-09-10', 'FTJ', 'Pengeluaran', 960000, '2023-09-14 07:25:25', '2023-09-14 07:27:28'),
(303, 1, '2023-09-12', 'Pesek', 'Pengeluaran', 22100, '2023-09-14 07:32:34', '2023-09-14 07:32:34'),
(304, 1, '2023-09-17', 'Kas HMIF', 'Pemasukan', 62000, '2023-09-20 01:57:49', '2023-12-14 14:13:34'),
(308, 1, '2023-09-14', 'Pemindahan dana', 'Pemasukan', 760000, '2023-09-24 16:19:52', '2023-09-24 16:19:52'),
(309, 2, '2023-09-14', 'Pemindahan dana', 'Pengeluaran', 760000, '2023-09-24 16:20:24', '2023-09-24 16:20:24'),
(310, 1, '2023-09-14', 'Transportasi FTJ', 'Pengeluaran', 760000, '2023-09-24 16:21:13', '2023-09-24 16:21:13'),
(311, 1, '2023-09-16', 'Pemindahan dana', 'Pemasukan', 800000, '2023-09-24 16:21:52', '2023-09-24 16:21:52'),
(312, 2, '2023-09-16', 'Pemindahan dana', 'Pengeluaran', 800000, '2023-09-24 16:22:15', '2023-09-24 16:22:15'),
(313, 1, '2023-09-16', 'Workshop', 'Pengeluaran', 400000, '2023-09-24 16:22:56', '2023-09-24 16:22:56'),
(314, 1, '2023-09-16', 'Print Proposal dan LPJ Delegasi', 'Pengeluaran', 36400, '2023-09-24 16:23:56', '2023-09-24 16:23:56'),
(315, 1, '2023-09-16', 'Biaya Admin Print Proposal dan LPJ Delegasi', 'Pengeluaran', 2500, '2023-09-24 16:24:22', '2023-09-24 16:24:22'),
(316, 1, '2023-09-16', 'Wisuda', 'Pengeluaran', 359000, '2023-09-24 16:24:54', '2023-12-14 13:23:11'),
(317, 1, '2023-09-17', 'MM', 'Pengeluaran', 68500, '2023-09-24 16:27:14', '2023-09-24 16:27:14'),
(318, 1, '2023-09-17', 'Pemindahan Dana', 'Pemasukan', 800000, '2023-09-24 16:27:56', '2023-09-25 01:35:57'),
(319, 2, '2023-09-17', 'Pemindahan Dana', 'Pengeluaran', 800000, '2023-09-24 16:28:19', '2023-09-25 01:37:22'),
(320, 1, '2023-09-17', 'Transportasi FTJ', 'Pengeluaran', 760000, '2023-09-24 16:29:01', '2023-09-24 16:29:01'),
(321, 1, '2023-09-18', 'Pemindahan dana', 'Pemasukan', 50000, '2023-09-24 16:29:50', '2023-09-24 16:29:50'),
(322, 2, '2023-09-18', 'Pemindahan Dana', 'Pengeluaran', 50000, '2023-09-24 16:30:17', '2023-09-24 16:30:17'),
(323, 1, '2023-09-18', 'MM', 'Pengeluaran', 132250, '2023-09-24 16:30:50', '2023-09-24 16:30:50'),
(324, 1, '2023-09-19', 'Sponsorship', 'Pengeluaran', 25000, '2023-09-24 16:31:24', '2023-09-24 16:31:24'),
(325, 1, '2023-09-20', 'Iuran POST Angkatan 2020', 'Pemasukan', 50000, '2023-09-24 16:31:59', '2023-09-24 16:31:59'),
(326, 1, '2023-09-21', 'Pemindahan Dana', 'Pemasukan', 100000, '2023-09-24 16:32:32', '2023-09-24 16:32:32'),
(327, 2, '2023-09-21', 'Pemindahan Dana', 'Pengeluaran', 100000, '2023-09-24 16:32:55', '2023-09-24 16:32:55'),
(328, 1, '2023-09-21', 'IA cat dan kuas 26k, yora minum 19k', 'Pengeluaran', 45000, '2023-09-24 16:33:53', '2023-12-03 20:16:32'),
(329, 1, '2023-09-22', 'Kas HMIF', 'Pemasukan', 15000, '2023-09-24 16:35:00', '2023-09-24 16:35:00'),
(330, 1, '2023-09-22', 'Pemindahan Dana', 'Pemasukan', 300000, '2023-09-24 16:35:41', '2023-09-24 16:35:41'),
(331, 2, '2023-09-22', 'Pemindahan Dana', 'Pengeluaran', 300000, '2023-09-24 16:36:09', '2023-09-24 16:36:09'),
(332, 1, '2023-09-22', 'Lustrum', 'Pengeluaran', 300000, '2023-09-24 16:36:39', '2023-09-24 16:36:39'),
(333, 1, '2023-09-22', 'Pilox IA', 'Pengeluaran', 25000, '2023-09-24 16:37:13', '2023-09-24 16:37:13'),
(334, 1, '2023-09-22', 'Biaya Admin Pilox IA', 'Pengeluaran', 2500, '2023-09-24 16:37:38', '2023-09-24 16:37:38'),
(335, 1, '2023-09-22', 'IA kuas 9,5k, kuas 6k, 40k kertas cover', 'Pengeluaran', 55500, '2023-09-24 16:38:53', '2023-12-03 20:12:03'),
(336, 1, '2023-09-22', 'Pemindahan Dana', 'Pemasukan', 50000, '2023-09-24 16:39:42', '2023-09-24 16:39:42'),
(337, 2, '2023-09-22', 'Pemindahan Dana', 'Pengeluaran', 50000, '2023-09-24 16:40:11', '2023-09-24 16:40:11'),
(338, 1, '2023-09-22', 'Sewa lapangan latihan futsal POST - IA', 'Pengeluaran', 80000, '2023-09-24 16:41:04', '2023-09-24 16:41:04'),
(339, 1, '2023-09-23', 'Pemindahan Dana', 'Pemasukan', 100000, '2023-09-24 16:41:31', '2023-09-24 16:41:31'),
(340, 1, '2023-09-23', 'Konsumsi Tentor ISC', 'Pengeluaran', 50000, '2023-09-24 16:42:20', '2023-09-24 16:42:20'),
(341, 1, '2023-08-10', 'Pemindahan Dana', 'Pemasukan', 300000, '2023-09-24 16:58:41', '2023-09-24 16:58:41'),
(343, 1, '2023-09-24', 'Kain Bendera IA', 'Pengeluaran', 4000, '2023-09-24 17:27:38', '2023-09-24 17:27:38'),
(344, 2, '2023-09-24', 'Kain Bendera IA', 'Pengeluaran', 100000, '2023-09-24 17:28:08', '2023-09-24 17:28:08'),
(345, 8, '2023-09-25', 'Kas HMIF', 'Pemasukan', 92000, '2023-09-25 01:19:47', '2023-10-23 03:47:15'),
(346, 2, '2023-09-17', 'IC', 'Pengeluaran', 2400000, '2023-09-25 01:23:15', '2023-09-25 01:23:15'),
(347, 2, '2023-09-19', 'Sponsorship', 'Pengeluaran', 94500, '2023-09-25 01:26:43', '2023-09-25 01:26:43'),
(348, 2, '2023-09-23', 'Pemindahan Dana', 'Pengeluaran', 100000, '2023-09-25 01:31:54', '2023-09-25 01:32:07'),
(349, 1, '2023-09-17', 'Iuran POST Angkatan 2022', 'Pemasukan', 50000, '2023-09-25 01:36:40', '2023-09-25 01:36:40'),
(350, 7, '2023-09-25', 'Kas HMIF', 'Pemasukan', 15000, '2023-09-25 02:56:42', '2023-09-25 02:56:42'),
(351, 2, '2023-07-31', 'Biaya Administrasi Bank', 'Pengeluaran', 2989, '2023-09-25 03:01:02', '2023-09-25 03:01:02'),
(352, 2, '2023-08-31', 'Biaya administrasi bank', 'Pengeluaran', 2665, '2023-09-25 03:02:08', '2023-09-25 03:02:08'),
(353, 2, '2023-08-24', 'Pemindahan dana', 'Pengeluaran', 317328, '2023-09-26 05:05:58', '2023-09-26 05:05:58'),
(354, 1, '2023-08-24', 'Pemindahan dana', 'Pemasukan', 317328, '2023-09-26 05:06:24', '2023-09-26 05:06:24'),
(355, 2, '2023-09-19', 'Transportasi FTJ', 'Pengeluaran', 190000, '2023-09-26 05:15:21', '2023-09-26 05:15:21'),
(356, 1, '2023-05-11', 'Biaya tambahan dana prioritas', 'Pemasukan', 500, '2023-09-26 06:13:44', '2023-09-26 11:12:14'),
(358, 2, '2023-09-26', 'Pemindahan dana', 'Pengeluaran', 50000, '2023-09-26 10:43:04', '2023-09-26 10:43:04'),
(359, 1, '2023-09-26', 'Pemindahan Dana', 'Pemasukan', 50000, '2023-09-26 10:44:14', '2023-09-26 10:48:57'),
(360, 1, '2023-09-25', 'Pemindahan Dana', 'Pemasukan', 60750, '2023-09-26 10:46:01', '2023-09-26 10:46:01'),
(362, 1, '2023-09-25', 'Himafun', 'Pengeluaran', 123500, '2023-09-26 10:48:27', '2023-09-26 10:48:27'),
(363, 1, '2023-09-26', 'LVI', 'Pengeluaran', 40000, '2023-09-26 10:49:30', '2023-09-26 10:49:30'),
(365, 1, '2023-07-25', 'Kas HMIF', 'Pemasukan', 15000, '2023-09-26 10:58:50', '2023-09-26 10:58:50'),
(367, 1, '2023-05-18', 'Kas HMIF', 'Pemasukan', 30000, '2023-09-26 11:00:07', '2023-09-26 11:00:35'),
(368, 1, '2023-06-23', 'Kas HMIF', 'Pemasukan', 15000, '2023-09-26 11:00:42', '2023-09-26 11:00:42'),
(369, 7, '2023-04-24', 'Kas HMIF', 'Pemasukan', 15000, '2023-09-26 11:02:13', '2023-09-26 11:02:13'),
(370, 2, '2023-05-27', 'Rapat Permikomnas', 'Pengeluaran', 45000, '2023-09-26 11:15:29', '2023-09-26 11:15:29'),
(371, 2, '2023-09-25', 'Pemindahan dana', 'Pengeluaran', 60750, '2023-09-26 11:26:45', '2023-09-26 11:26:45'),
(372, 8, '2023-09-27', 'Kas HMIF', 'Pemasukan', 15000, '2023-09-27 08:18:55', '2023-09-27 08:18:55'),
(373, 7, '2023-09-27', 'Kas HMIF', 'Pemasukan', 15000, '2023-09-27 13:50:35', '2023-09-27 13:50:35'),
(374, 1, '2023-09-27', 'Kas HMIF', 'Pemasukan', 45000, '2023-09-27 13:51:09', '2023-09-28 14:20:25'),
(375, 1, '2023-09-28', 'Kas HMIF', 'Pemasukan', 45000, '2023-09-28 14:19:28', '2023-09-29 01:28:56'),
(376, 1, '2023-09-29', 'Kas HMIF', 'Pemasukan', 60000, '2023-09-29 01:07:33', '2023-10-19 00:52:45'),
(377, 8, '2023-09-13', 'Kas HMIF', 'Pemasukan', 15000, '2023-09-29 01:11:54', '2023-09-29 01:11:54'),
(378, 7, '2023-09-28', 'Kas HMIF', 'Pemasukan', 15000, '2023-09-29 01:29:15', '2023-09-29 01:29:15'),
(379, 7, '2023-09-16', 'Kas HMIF', 'Pemasukan', 15000, '2023-09-29 01:38:58', '2023-09-29 01:38:58'),
(380, 8, '2023-09-29', 'Kas HMIF', 'Pemasukan', 90000, '2023-09-29 01:51:56', '2023-09-29 08:55:36'),
(381, 8, '2023-09-30', 'Kas HMIF', 'Pemasukan', 15000, '2023-09-30 06:47:14', '2023-09-30 06:47:14'),
(382, 7, '2023-10-09', 'Kas HMIF', 'Pemasukan', 17000, '2023-10-09 01:35:59', '2023-12-14 14:13:05'),
(383, 1, '2023-09-30', 'Kas HMIF', 'Pemasukan', 30000, '2023-10-09 01:50:11', '2023-10-18 10:49:25'),
(384, 8, '2023-10-01', 'Kas HMIF', 'Pemasukan', 15000, '2023-10-09 01:50:39', '2023-10-09 01:50:39'),
(385, 8, '2023-09-14', 'Kas HMIF', 'Pemasukan', 15000, '2023-10-09 01:52:25', '2023-10-09 01:52:25'),
(386, 1, '2023-10-09', 'Kas HMIF', 'Pemasukan', 45000, '2023-10-09 02:34:26', '2023-10-18 09:58:09'),
(387, 1, '2023-10-18', 'Kas HMIF', 'Pemasukan', 15000, '2023-10-18 10:00:21', '2023-10-19 00:58:21'),
(388, 1, '2023-10-11', 'Kas HMIF', 'Pemasukan', 60000, '2023-10-18 10:03:01', '2023-10-18 10:04:20'),
(389, 1, '2023-09-27', 'Sisa dana Pengmas', 'Pemasukan', 1182000, '2023-10-18 18:15:15', '2023-10-18 18:15:15'),
(390, 1, '2023-09-27', 'MM', 'Pengeluaran', 330000, '2023-10-18 18:16:10', '2023-10-18 18:16:10'),
(391, 1, '2023-09-27', 'Lustrum', 'Pengeluaran', 46500, '2023-10-18 18:16:49', '2023-10-18 18:16:49'),
(392, 1, '2023-09-27', 'IA Kertas 18,5k, Air minum 20k', 'Pengeluaran', 38500, '2023-10-18 18:17:13', '2023-12-03 20:06:32'),
(393, 1, '2023-09-28', 'Workshop', 'Pengeluaran', 696500, '2023-10-18 18:19:25', '2023-10-18 18:19:25'),
(394, 1, '2023-09-29', 'Lustrum', 'Pengeluaran', 50000, '2023-10-18 18:20:15', '2023-10-18 18:20:15'),
(395, 1, '2023-10-01', 'Iuran Bass Angkatan 20', 'Pemasukan', 250000, '2023-10-18 18:21:09', '2023-10-18 18:21:09'),
(396, 1, '2023-10-09', 'Best Supporter IA', 'Pemasukan', 300000, '2023-10-18 18:23:01', '2023-10-18 18:23:01'),
(397, 1, '2023-10-19', 'Lustrum', 'Pengeluaran', 812500, '2023-10-18 18:24:20', '2023-10-18 18:24:20'),
(398, 1, '2023-10-19', 'Biaya prioritas lustrum', 'Pemasukan', 500, '2023-10-18 18:24:52', '2023-11-09 05:57:49'),
(399, 2, '2023-10-14', 'Peminjaman Kreus Japeng', 'Pemasukan', 2500000, '2023-10-18 18:27:11', '2023-11-26 19:06:20'),
(400, 1, '2023-10-02', 'Kas HMIF', 'Pemasukan', 30000, '2023-10-19 00:48:39', '2023-10-19 00:48:39'),
(401, 1, '2023-10-19', 'Kas HMIF', 'Pemasukan', 15000, '2023-10-19 00:52:45', '2023-10-19 00:52:45'),
(402, 1, '2023-10-23', 'MM', 'Pengeluaran', 95000, '2023-10-23 01:45:31', '2023-10-23 01:45:31'),
(403, 7, '2023-10-23', 'Peminjaman Kreus Modal Jantan', 'Pemasukan', 200000, '2023-10-23 01:48:10', '2023-10-23 01:48:10'),
(404, 8, '2023-10-19', 'Kas HMIF', 'Pemasukan', 15000, '2023-10-23 03:47:53', '2023-10-23 03:48:11'),
(405, 1, '2023-10-23', 'Kas HMIF', 'Pemasukan', 45000, '2023-10-23 03:51:31', '2023-10-27 02:09:22'),
(406, 1, '2023-10-25', 'Kas HMIF', 'Pemasukan', 15000, '2023-10-26 01:01:56', '2023-10-26 01:01:56'),
(407, 8, '2023-10-27', 'Kas HMIF', 'Pemasukan', 62000, '2023-10-27 01:47:56', '2023-10-27 01:53:07'),
(408, 1, '2023-10-27', 'Kas HMIF', 'Pemasukan', 79000, '2023-10-27 01:48:47', '2023-11-30 13:32:55'),
(409, 1, '2023-10-20', 'Kas HMIF', 'Pemasukan', 17000, '2023-10-27 01:54:13', '2023-10-27 01:54:13'),
(410, 8, '2023-10-11', 'Kas HMIF', 'Pemasukan', 15000, '2023-10-27 02:07:59', '2023-10-27 02:07:59'),
(411, 1, '2023-10-21', 'Kas HMIF', 'Pemasukan', 15000, '2023-10-27 02:11:29', '2023-10-27 02:11:29'),
(412, 7, '2023-10-27', 'Kas HMIF', 'Pemasukan', 30000, '2023-10-27 03:07:23', '2023-10-31 08:49:18'),
(413, 7, '2023-10-20', 'Print proposal dan LPJ', 'Pengeluaran', 53500, '2023-10-27 04:03:18', '2023-10-27 04:03:18'),
(414, 1, '2023-10-31', 'Kas HMIF', 'Pemasukan', 122000, '2023-10-31 08:41:11', '2023-12-14 14:14:17'),
(415, 1, '2023-10-30', 'Kas HMIF', 'Pemasukan', 60000, '2023-10-31 08:41:52', '2023-10-31 08:45:11'),
(416, 1, '2023-10-22', 'Kas HMIF', 'Pemasukan', 15000, '2023-10-31 08:46:27', '2023-10-31 08:46:27'),
(417, 8, '2023-10-30', 'Kas HMIF', 'Pemasukan', 47000, '2023-10-31 08:47:07', '2023-11-09 03:42:56'),
(418, 1, '2023-10-26', 'Kas HMIF', 'Pemasukan', 15000, '2023-11-09 03:38:46', '2023-11-09 03:38:46'),
(419, 8, '2023-10-26', 'Kas HMIF', 'Pemasukan', 15000, '2023-11-09 03:39:05', '2023-11-09 03:39:05'),
(420, 8, '2023-10-20', 'Kas HMIF', 'Pemasukan', 15000, '2023-11-09 03:39:56', '2023-11-09 03:39:56'),
(421, 1, '2023-11-01', 'Kas HMIF', 'Pemasukan', 15000, '2023-11-09 03:41:22', '2023-11-09 03:41:22'),
(422, 8, '2023-11-02', 'Kas HMIF', 'Pemasukan', 17000, '2023-11-09 03:45:37', '2023-11-09 03:45:37'),
(423, 1, '2023-10-23', 'Pesek', 'Pengeluaran', 20000, '2023-11-09 04:12:18', '2023-11-09 04:12:18'),
(424, 1, '2023-10-27', 'LVI', 'Pengeluaran', 20000, '2023-11-09 04:12:47', '2023-11-09 04:12:47'),
(425, 1, '2023-10-27', 'Temu Alumni Konsumsi', 'Pengeluaran', 50000, '2023-11-09 04:13:25', '2023-11-09 04:13:25'),
(426, 1, '2023-10-29', 'Pemindahan Dana', 'Pemasukan', 600000, '2023-11-09 04:14:05', '2023-11-09 04:14:05'),
(427, 1, '2023-10-29', 'Lustrum', 'Pengeluaran', 600000, '2023-11-09 04:14:38', '2023-11-09 04:14:38'),
(428, 2, '2023-10-29', 'Pemindahan Dana', 'Pengeluaran', 600000, '2023-11-09 04:15:25', '2023-11-09 04:15:25'),
(432, 1, '2023-10-31', 'Pelatihan Desain', 'Pengeluaran', 76500, '2023-11-09 04:49:58', '2023-12-04 23:38:24'),
(434, 1, '2023-10-31', 'I-Talks', 'Pengeluaran', 39500, '2023-11-09 04:51:06', '2023-11-09 04:51:06'),
(435, 1, '2023-10-31', 'Biaya Admin I-talks', 'Pengeluaran', 2500, '2023-11-09 04:52:26', '2023-11-09 04:52:26'),
(436, 1, '2023-11-01', 'dotm icu', 'Pengeluaran', 90000, '2023-11-09 04:53:39', '2023-11-09 04:53:39'),
(437, 1, '2023-11-02', 'MM', 'Pengeluaran', 52000, '2023-11-09 04:54:37', '2023-11-09 04:54:37'),
(438, 1, '2023-11-06', 'Pemindahan dana', 'Pemasukan', 500000, '2023-11-09 04:58:31', '2023-11-09 04:58:31'),
(439, 2, '2023-11-06', 'pemindahan dana', 'Pengeluaran', 500000, '2023-11-09 04:59:13', '2023-11-09 04:59:13'),
(440, 1, '2023-11-06', 'Lomba CTF Binus', 'Pengeluaran', 100000, '2023-11-09 05:00:58', '2023-11-09 05:00:58'),
(441, 1, '2023-11-07', 'IA Turnamen ML', 'Pengeluaran', 50000, '2023-11-09 05:01:56', '2023-11-09 05:01:56'),
(442, 1, '2023-11-07', 'IA Turnamen Valorant', 'Pengeluaran', 35000, '2023-11-09 05:02:41', '2023-11-09 05:02:41'),
(443, 2, '2023-11-08', 'pemindahan dana', 'Pengeluaran', 1000000, '2023-11-09 05:03:48', '2023-11-09 05:03:48'),
(444, 1, '2023-11-08', 'Pemindahan dana', 'Pemasukan', 1000000, '2023-11-09 05:04:38', '2023-11-09 05:05:07'),
(445, 1, '2023-11-08', 'Dp dan Desain Baju Gemastik', 'Pengeluaran', 1200000, '2023-11-09 05:07:19', '2023-11-29 14:16:16'),
(446, 1, '2023-11-08', 'dotm bph', 'Pengeluaran', 30000, '2023-11-09 05:08:07', '2023-11-09 05:08:07'),
(447, 1, '2023-11-05', 'Kas HMIF', 'Pemasukan', 17000, '2023-11-09 05:52:02', '2023-11-09 05:52:02'),
(448, 7, '2023-11-14', 'Kas HMIF', 'Pemasukan', 45000, '2023-11-14 03:16:39', '2023-12-14 14:12:57'),
(449, 1, '2023-11-11', 'Kas HMIF', 'Pemasukan', 15000, '2023-11-14 07:04:49', '2023-11-14 07:04:49'),
(450, 1, '2023-11-14', 'Kas HMIF', 'Pemasukan', 15000, '2023-11-14 07:05:46', '2023-11-14 07:05:46'),
(451, 7, '2023-11-17', 'Kas HMIF', 'Pemasukan', 15000, '2023-11-14 07:06:00', '2023-11-14 07:06:00'),
(452, 1, '2023-11-10', 'Kas HMIF', 'Pemasukan', 15000, '2023-11-17 02:18:35', '2023-11-17 02:18:35'),
(453, 1, '2023-11-02', 'Kas HMIF', 'Pemasukan', 15000, '2023-11-17 02:21:55', '2023-11-17 02:21:55'),
(454, 1, '2023-11-17', 'Kas HMIF', 'Pemasukan', 15000, '2023-11-17 03:40:40', '2023-11-17 03:40:40'),
(455, 8, '2023-11-18', 'Kas HMIF', 'Pemasukan', 15000, '2023-11-18 05:23:22', '2023-11-18 05:23:22'),
(456, 7, '2023-11-21', 'Kas HMIF', 'Pemasukan', 15000, '2023-11-21 04:34:03', '2023-11-21 04:34:03'),
(457, 1, '2023-11-20', 'Kas HMIF', 'Pemasukan', 30000, '2023-11-21 04:34:32', '2023-11-24 11:36:49'),
(458, 1, '2023-11-24', 'Kas HMIF', 'Pemasukan', 15000, '2023-11-24 11:02:55', '2023-11-24 11:03:55'),
(459, 2, '2023-11-10', 'Pemindahan dana', 'Pengeluaran', 2000000, '2023-11-26 18:58:12', '2023-11-26 18:58:12'),
(460, 1, '2023-11-10', 'Pemindahan dana', 'Pemasukan', 2000000, '2023-11-26 18:58:36', '2023-11-26 18:58:36'),
(461, 1, '2023-11-10', 'Stech', 'Pengeluaran', 2000000, '2023-11-26 18:58:58', '2023-11-26 18:58:58'),
(462, 1, '2023-11-11', 'Pemindahan dana', 'Pemasukan', 150000, '2023-11-26 19:00:08', '2023-11-26 19:00:08'),
(463, 2, '2023-11-11', 'Pemindahan dana', 'Pengeluaran', 150000, '2023-11-26 19:00:38', '2023-11-26 19:00:38'),
(464, 1, '2023-11-11', 'Pelatihan Desain', 'Pengeluaran', 223400, '2023-11-26 19:01:17', '2023-11-26 19:01:17'),
(465, 1, '2023-11-12', 'IA Turnamen Valorant', 'Pengeluaran', 25000, '2023-11-26 19:02:02', '2023-12-04 23:43:48'),
(466, 1, '2023-11-18', 'Cap HMIF', 'Pengeluaran', 55000, '2023-11-26 19:02:44', '2023-11-26 19:02:44'),
(467, 1, '2023-11-20', 'Mahasiswa Berprestasi', 'Pengeluaran', 50000, '2023-11-26 19:03:21', '2023-11-26 19:03:21'),
(468, 1, '2023-11-21', 'ICU - Dotm PSDM', 'Pengeluaran', 30000, '2023-11-26 19:04:08', '2023-11-26 19:04:08'),
(469, 1, '2023-11-23', 'Kas HMIF', 'Pemasukan', 15000, '2023-11-26 19:04:54', '2023-11-26 19:04:54'),
(470, 2, '2023-10-27', 'Konsumsi Temu Alumni Nasi Kuning', 'Pengeluaran', 500000, '2023-11-26 19:15:39', '2023-11-26 19:15:39'),
(471, 2, '2023-11-08', 'Temu Alumni - Lapangan', 'Pengeluaran', 60000, '2023-11-26 19:19:56', '2023-11-26 19:19:56'),
(472, 2, '2023-09-30', 'Biaya administrasi bank', 'Pengeluaran', 2643, '2023-11-26 19:25:37', '2023-11-26 19:25:37'),
(473, 2, '2023-10-31', 'Biaya administrasi bank', 'Pengeluaran', 3376, '2023-11-26 19:26:22', '2023-11-26 19:26:22'),
(474, 2, '2023-11-21', 'Termin 2', 'Pemasukan', 10000000, '2023-11-26 19:27:55', '2023-11-26 19:27:55'),
(475, 2, '2023-11-21', 'Gemastik', 'Pengeluaran', 2300000, '2023-11-26 19:29:12', '2023-11-29 14:21:18'),
(476, 2, '2023-11-24', 'Lustrum', 'Pengeluaran', 3000000, '2023-11-26 19:30:36', '2023-11-26 19:30:36'),
(477, 2, '2023-11-24', 'Kreus - Lustrum', 'Pengeluaran', 2000000, '2023-11-26 19:31:43', '2023-11-26 19:31:43'),
(478, 2, '2023-11-27', 'Gemastik', 'Pengeluaran', 2560000, '2023-11-26 19:45:12', '2023-11-27 06:32:26'),
(479, 2, '2023-11-24', 'Musyang', 'Pengeluaran', 350000, '2023-11-26 19:46:26', '2023-11-26 19:46:26'),
(480, 2, '2023-11-16', 'MM', 'Pengeluaran', 73250, '2023-11-26 19:55:05', '2023-11-26 19:55:05'),
(481, 2, '2023-11-16', 'Training Center', 'Pengeluaran', 216000, '2023-11-26 19:55:50', '2023-11-29 14:11:15'),
(482, 2, '2023-11-27', 'Kertas A4 Sekretariat', 'Pengeluaran', 60000, '2023-11-26 20:01:49', '2023-11-26 20:01:49'),
(483, 2, '2023-11-27', 'Lustrum', 'Pengeluaran', 791000, '2023-11-27 10:19:19', '2023-11-27 10:19:19'),
(484, 1, '2023-11-29', 'Kas HMIF', 'Pemasukan', 60000, '2023-11-29 06:56:16', '2023-11-30 13:26:46'),
(485, 8, '2023-11-29', 'Kas HMIF', 'Pemasukan', 77000, '2023-11-29 09:31:35', '2023-11-30 13:27:55'),
(486, 8, '2023-11-24', 'Kas HMIF', 'Pemasukan', 15000, '2023-11-29 09:33:39', '2023-11-29 09:33:39'),
(487, 1, '2023-11-27', 'Kas HMIF', 'Pemasukan', 15000, '2023-11-29 10:03:57', '2023-11-29 10:03:57'),
(488, 1, '2023-11-28', 'Sisa dana Relasi', 'Pemasukan', 4900, '2023-11-29 14:04:56', '2023-11-29 14:04:56'),
(489, 1, '2023-11-28', 'Sisa dana Ngobras', 'Pemasukan', 116550, '2023-11-29 14:05:48', '2023-11-29 14:07:02'),
(490, 8, '2023-11-30', 'Kas HMIF', 'Pemasukan', 45000, '2023-11-30 13:20:22', '2023-12-13 12:32:39'),
(491, 7, '2023-11-30', 'Kas HMIF', 'Pemasukan', 15000, '2023-11-30 13:25:42', '2023-11-30 13:25:42'),
(492, 1, '2023-11-30', 'Kas HMIF', 'Pemasukan', 94000, '2023-11-30 13:26:22', '2023-12-13 12:32:39'),
(493, 1, '2023-11-03', 'Pemindahan dana', 'Pemasukan', 1000000, '2023-12-03 21:36:35', '2023-12-03 21:36:35'),
(494, 2, '2023-11-03', 'Pemindahan dana', 'Pengeluaran', 1000000, '2023-12-03 21:37:02', '2023-12-03 21:37:02'),
(495, 1, '2023-12-03', 'Pengembalian Deposit', 'Pengeluaran', 574000, '2023-12-03 21:39:01', '2023-12-03 21:43:31'),
(496, 7, '2023-12-03', 'Pengembalian deposit', 'Pengeluaran', 218000, '2023-12-03 21:43:07', '2023-12-03 21:43:51'),
(497, 1, '2023-12-05', 'Kas daerah okt - des', 'Pengeluaran', 30000, '2023-12-10 07:14:14', '2023-12-10 07:14:14'),
(498, 1, '2023-12-08', 'Sisa dana Website HMIF', 'Pemasukan', 43692, '2023-12-10 07:15:16', '2023-12-10 07:15:16'),
(499, 2, '2023-12-04', 'FTJ', 'Pemasukan', 3260000, '2023-12-10 07:59:04', '2023-12-10 07:59:04'),
(500, 2, '2023-12-04', 'Pengambilan FTJ', 'Pengeluaran', 481800, '2023-12-10 08:02:20', '2023-12-10 08:02:20'),
(501, 2, '2023-12-04', 'Gemastik', 'Pemasukan', 6660000, '2023-12-11 03:32:31', '2023-12-11 03:36:08'),
(502, 7, '2023-12-06', 'Pelatihan Desain', 'Pengeluaran', 2500, '2023-12-11 03:58:58', '2023-12-11 03:59:10'),
(503, 2, '2023-11-30', 'Bunga Bank', 'Pengeluaran', 3716, '2023-12-11 14:12:17', '2023-12-11 14:12:17'),
(504, 2, '2023-12-11', 'PSP - Gemastik', 'Pemasukan', 2100000, '2023-12-11 14:16:08', '2023-12-11 14:16:08'),
(505, 1, '2023-12-11', 'Musyang HMIF', 'Pengeluaran', 299500, '2023-12-11 14:39:04', '2023-12-11 14:39:04'),
(506, 1, '2023-12-11', 'Sisa dana IC', 'Pemasukan', 8600, '2023-12-11 16:04:22', '2023-12-11 16:04:22'),
(507, 1, '2023-12-12', 'Pengembalian uang deposit', 'Pengeluaran', 108000, '2023-12-13 10:57:03', '2023-12-13 10:58:17'),
(508, 1, '2023-12-13', 'Delegasi', 'Pemasukan', 500000, '2023-12-13 10:58:45', '2023-12-13 10:58:45'),
(509, 7, '2023-12-13', 'Sisa dana Mapres', 'Pemasukan', 20500, '2023-12-13 11:05:16', '2023-12-13 11:05:16'),
(510, 1, '2023-12-14', 'Wisuda - Zoom', 'Pengeluaran', 12000, '2023-12-14 13:21:18', '2023-12-14 13:21:18'),
(511, 1, '2023-12-16', 'Musyang HMIF 2023', 'Pengeluaran', 343100, '2023-12-16 08:40:59', '2023-12-16 08:40:59'),
(512, 1, '2023-12-16', 'Print lpj', 'Pengeluaran', 126600, '2023-12-16 08:43:50', '2023-12-16 08:43:50');
INSERT INTO `transaksis` (`id`, `dana_id`, `tanggal`, `detail`, `keterangan`, `nominal`, `created_at`, `updated_at`) VALUES
(513, 1, '2023-12-16', 'dotm november', 'Pengeluaran', 30000, '2023-12-16 08:45:03', '2023-12-16 08:45:03'),
(514, 1, '2023-12-16', 'doty', 'Pengeluaran', 75000, '2023-12-16 08:46:01', '2023-12-16 08:46:01'),
(515, 1, '2023-12-16', 'soty', 'Pengeluaran', 25000, '2023-12-16 08:49:42', '2023-12-16 08:49:42'),
(516, 1, '2023-12-16', 'Bunga Wisuda', 'Pengeluaran', 60000, '2023-12-16 08:52:00', '2023-12-16 08:52:00'),
(517, 1, '2023-12-17', 'Frame Foto', 'Pengeluaran', 73500, '2023-12-23 12:25:41', '2023-12-23 12:25:41'),
(518, 1, '2023-12-19', 'Print LPJ Delegasi', 'Pengeluaran', 38000, '2023-12-23 12:26:34', '2023-12-23 12:26:34'),
(519, 2, '2023-12-20', 'Pemindahan dana', 'Pengeluaran', 1000000, '2023-12-23 12:27:52', '2023-12-23 12:27:52'),
(520, 1, '2023-12-20', 'Pemdaftaran Lomba - Sisa Gemastik', 'Pengeluaran', 125000, '2023-12-23 12:28:56', '2023-12-23 12:28:56'),
(521, 1, '2023-12-20', 'Pemindahan dana', 'Pemasukan', 1000000, '2023-12-23 12:29:29', '2023-12-23 12:29:29'),
(522, 1, '2023-12-22', 'Musyang HMIF 2023', 'Pengeluaran', 96200, '2023-12-23 12:34:01', '2023-12-23 12:34:01'),
(523, 8, '2023-11-22', 'Pesek', 'Pengeluaran', 30000, '2023-12-24 01:11:05', '2023-12-24 01:11:05'),
(524, 8, '2023-12-04', 'Pengembalian deposit', 'Pengeluaran', 367000, '2023-12-24 01:12:46', '2023-12-24 01:12:46'),
(525, 1, '2023-12-23', 'Denda deposit', 'Pemasukan', 2000, '2023-12-24 01:47:27', '2023-12-24 01:47:27'),
(526, 8, '2023-12-04', 'Denda deposit', 'Pemasukan', 2000, '2024-01-01 01:29:52', '2024-01-01 01:29:52'),
(527, 1, '2023-12-25', 'Musyang HMIF 2023', 'Pengeluaran', 53300, '2024-01-01 01:31:03', '2024-01-01 01:31:03'),
(528, 1, '2023-12-28', 'Musyang HMIF 2023', 'Pengeluaran', 53800, '2024-01-01 01:31:51', '2024-01-01 01:31:51'),
(529, 1, '2023-12-30', 'Musyang HMIF 2023', 'Pengeluaran', 26900, '2024-01-01 01:36:07', '2024-01-01 01:36:07'),
(530, 9, '2024-01-01', 'Pemindahan dana - DANA', 'Pemasukan', 401442, '2024-01-01 01:39:18', '2024-01-01 01:39:18'),
(531, 1, '2024-01-01', 'pemindahan dana - DANA', 'Pengeluaran', 401442, '2024-01-01 01:39:59', '2024-01-01 01:39:59'),
(532, 2, '2024-01-01', 'pemindahan dana - BNI', 'Pengeluaran', 1100000, '2024-01-01 01:41:23', '2024-01-01 01:41:23'),
(533, 9, '2024-01-01', 'pemindahan dana - BNI', 'Pemasukan', 1100000, '2024-01-01 01:42:26', '2024-01-01 01:42:26'),
(534, 7, '2024-01-07', 'Pemira HMIF', 'Pengeluaran', 20000, '2024-01-09 14:48:44', '2024-01-09 14:48:44'),
(535, 7, '2024-01-21', 'Pemira HMIF', 'Pengeluaran', 38000, '2024-01-22 10:13:54', '2024-01-24 08:55:35');

-- --------------------------------------------------------

--
-- Struktur dari tabel `users`
--

CREATE TABLE `users` (
  `id` bigint(20) UNSIGNED NOT NULL,
  `username` varchar(255) NOT NULL,
  `nama` varchar(255) NOT NULL,
  `password` varchar(255) NOT NULL,
  `created_at` timestamp NULL DEFAULT NULL,
  `updated_at` timestamp NULL DEFAULT NULL
) ENGINE=InnoDB DEFAULT CHARSET=utf8mb4 COLLATE=utf8mb4_unicode_ci;

--
-- Dumping data untuk tabel `users`
--

INSERT INTO `users` (`id`, `username`, `nama`, `password`, `created_at`, `updated_at`) VALUES
(1, 'bendahara', 'Bendahara', '$2y$10$WEpwJoV2fi7Cry.EpUU84eRa5poRz8OOQmhsWJBZh9.tQmIXzUp1.', NULL, '2023-04-04 11:48:47'),
(2, 'kreus', 'Kreus', '$2y$10$w1zB2JIqyXhMT5/axIN//O8fCmbftK2.ks0f19WI2tXN6exL77Fge', NULL, '2023-04-04 11:50:33');

--
-- Indexes for dumped tables
--

--
-- Indeks untuk tabel `danas`
--
ALTER TABLE `danas`
  ADD PRIMARY KEY (`id`);

--
-- Indeks untuk tabel `deposits`
--
ALTER TABLE `deposits`
  ADD PRIMARY KEY (`id`);

--
-- Indeks untuk tabel `deposit_histories`
--
ALTER TABLE `deposit_histories`
  ADD PRIMARY KEY (`id`);

--
-- Indeks untuk tabel `deposit_payments`
--
ALTER TABLE `deposit_payments`
  ADD PRIMARY KEY (`id`);

--
-- Indeks untuk tabel `kas`
--
ALTER TABLE `kas`
  ADD PRIMARY KEY (`id`);

--
-- Indeks untuk tabel `kas_histories`
--
ALTER TABLE `kas_histories`
  ADD PRIMARY KEY (`id`);

--
-- Indeks untuk tabel `kreuses`
--
ALTER TABLE `kreuses`
  ADD PRIMARY KEY (`id`);

--
-- Indeks untuk tabel `migrations`
--
ALTER TABLE `migrations`
  ADD PRIMARY KEY (`id`);

--
-- Indeks untuk tabel `penguruses`
--
ALTER TABLE `penguruses`
  ADD PRIMARY KEY (`id`);

--
-- Indeks untuk tabel `personal_access_tokens`
--
ALTER TABLE `personal_access_tokens`
  ADD PRIMARY KEY (`id`),
  ADD UNIQUE KEY `personal_access_tokens_token_unique` (`token`),
  ADD KEY `personal_access_tokens_tokenable_type_tokenable_id_index` (`tokenable_type`,`tokenable_id`);

--
-- Indeks untuk tabel `transaksis`
--
ALTER TABLE `transaksis`
  ADD PRIMARY KEY (`id`);

--
-- Indeks untuk tabel `users`
--
ALTER TABLE `users`
  ADD PRIMARY KEY (`id`),
  ADD UNIQUE KEY `users_username_unique` (`username`);

--
-- AUTO_INCREMENT untuk tabel yang dibuang
--

--
-- AUTO_INCREMENT untuk tabel `danas`
--
ALTER TABLE `danas`
  MODIFY `id` bigint(20) UNSIGNED NOT NULL AUTO_INCREMENT, AUTO_INCREMENT=10;

--
-- AUTO_INCREMENT untuk tabel `deposits`
--
ALTER TABLE `deposits`
  MODIFY `id` bigint(20) UNSIGNED NOT NULL AUTO_INCREMENT, AUTO_INCREMENT=57;

--
-- AUTO_INCREMENT untuk tabel `deposit_histories`
--
ALTER TABLE `deposit_histories`
  MODIFY `id` bigint(20) UNSIGNED NOT NULL AUTO_INCREMENT, AUTO_INCREMENT=102;

--
-- AUTO_INCREMENT untuk tabel `deposit_payments`
--
ALTER TABLE `deposit_payments`
  MODIFY `id` bigint(20) UNSIGNED NOT NULL AUTO_INCREMENT, AUTO_INCREMENT=59;

--
-- AUTO_INCREMENT untuk tabel `kas`
--
ALTER TABLE `kas`
  MODIFY `id` bigint(20) UNSIGNED NOT NULL AUTO_INCREMENT, AUTO_INCREMENT=57;

--
-- AUTO_INCREMENT untuk tabel `kas_histories`
--
ALTER TABLE `kas_histories`
  MODIFY `id` bigint(20) UNSIGNED NOT NULL AUTO_INCREMENT, AUTO_INCREMENT=463;

--
-- AUTO_INCREMENT untuk tabel `kreuses`
--
ALTER TABLE `kreuses`
  MODIFY `id` bigint(20) UNSIGNED NOT NULL AUTO_INCREMENT, AUTO_INCREMENT=24;

--
-- AUTO_INCREMENT untuk tabel `migrations`
--
ALTER TABLE `migrations`
  MODIFY `id` int(10) UNSIGNED NOT NULL AUTO_INCREMENT, AUTO_INCREMENT=12;

--
-- AUTO_INCREMENT untuk tabel `penguruses`
--
ALTER TABLE `penguruses`
  MODIFY `id` bigint(20) UNSIGNED NOT NULL AUTO_INCREMENT, AUTO_INCREMENT=57;

--
-- AUTO_INCREMENT untuk tabel `personal_access_tokens`
--
ALTER TABLE `personal_access_tokens`
  MODIFY `id` bigint(20) UNSIGNED NOT NULL AUTO_INCREMENT;

--
-- AUTO_INCREMENT untuk tabel `transaksis`
--
ALTER TABLE `transaksis`
  MODIFY `id` bigint(20) UNSIGNED NOT NULL AUTO_INCREMENT, AUTO_INCREMENT=536;

--
-- AUTO_INCREMENT untuk tabel `users`
--
ALTER TABLE `users`
  MODIFY `id` bigint(20) UNSIGNED NOT NULL AUTO_INCREMENT, AUTO_INCREMENT=3;
COMMIT;

/*!40101 SET CHARACTER_SET_CLIENT=@OLD_CHARACTER_SET_CLIENT */;
/*!40101 SET CHARACTER_SET_RESULTS=@OLD_CHARACTER_SET_RESULTS */;
/*!40101 SET COLLATION_CONNECTION=@OLD_COLLATION_CONNECTION */;
